ID,m2,m3,m4,k,alpha,beta,Tem,omega_1,omega_2,omega_3,D_1,D_2,D_3,EVnorm1_1,EVnorm1_2,EVnorm1_3,EVnorm2_1,EVnorm2_2,EVnorm2_3,EVnorm3_1,EVnorm3_2,EVnorm3_3
1,1,1,1,2,1,1,20,22.574,62.31,85.938,0.015002,0.008128,0.007926,0.33684,0.60156,0.7259,0.75576,0.222,-0.61608,0.52316,-0.74076,0.4242
2,1,1,1,2,1,1,20,22.582,62.322,85.93,0.014998,0.008124,0.007926,0.33674,0.6014,0.7257,0.75574,0.222,-0.61608,0.5233,-0.74096,0.42432
3,1,1,1,2,1,1,20,22.59,62.322,85.906,0.014996,0.008124,0.007928,0.33684,0.60158,0.72594,0.75548,0.22192,-0.61586,0.52346,-0.7412,0.42446
4,1,1,1,2,1,1,20,22.588,62.344,85.918,0.014994,0.008126,0.007926,0.33674,0.6014,0.72572,0.7556,0.22196,-0.61596,0.52346,-0.7412,0.42446
5,1,1,1,2,1,1,20,22.594,62.33,85.884,0.01499,0.008126,0.007928,0.33666,0.60126,0.72554,0.7558,0.22202,-0.61614,0.52322,-0.74084,0.42426
6,1,1,1,2,1,1,20,22.608,62.374,85.886,0.01498,0.008124,0.007926,0.33662,0.6012,0.72546,0.7558,0.22202,-0.61614,0.52322,-0.74084,0.42426
7,1,1,1,2,1,1,20,22.592,62.348,85.912,0.01499,0.008126,0.007928,0.33672,0.6014,0.7257,0.75592,0.22206,-0.61626,0.5231,-0.74066,0.42416
8,1,1,1,2,1,1,20,22.594,62.342,85.838,0.01499,0.008128,0.007934,0.33664,0.60126,0.72554,0.75604,0.22208,-0.61636,0.52286,-0.7403,0.42396
9,1,1,1,2,1,1,20,22.6,62.342,85.866,0.014984,0.008126,0.007934,0.33662,0.60122,0.7255,0.75614,0.22212,-0.61644,0.52296,-0.74044,0.42404
10,1,1,1,2,1,1,20,22.606,62.318,85.874,0.014976,0.008128,0.00793,0.33656,0.6011,0.72536,0.75594,0.22206,-0.6163,0.523,-0.7405,0.42408
11,1,1,1,2,1,1,20,22.622,62.322,85.92,0.01497,0.008128,0.007926,0.33648,0.60096,0.7252,0.7558,0.22202,-0.6162,0.52282,-0.74026,0.42396
12,1,1,1,2,1,1,20,22.616,62.33,85.926,0.014972,0.008132,0.007924,0.3366,0.60114,0.72542,0.75568,0.22198,-0.6161,0.5228,-0.74022,0.42394
13,1,1,1,2,1,1,20,22.608,62.326,85.978,0.014972,0.008126,0.00792,0.33656,0.60106,0.72532,0.75558,0.22194,-0.61604,0.52264,-0.73998,0.42382
14,1,1,1,2,1,1,20,22.604,62.302,85.944,0.014976,0.008128,0.007922,0.33654,0.60098,0.72524,0.75566,0.22196,-0.6161,0.52282,-0.74022,0.42396
15,1,1,1,2,1,1,20,22.602,62.25,85.908,0.014976,0.008132,0.007922,0.33656,0.60102,0.72528,0.75542,0.22188,-0.6159,0.52292,-0.74036,0.42404
16,1,1,1,2,1,1,20,22.594,62.268,85.942,0.014976,0.008132,0.007922,0.3366,0.6011,0.72538,0.75492,0.22172,-0.6155,0.52304,-0.74052,0.42414
17,1,1,1,2,1,1,20,22.598,62.244,85.908,0.014972,0.008132,0.007924,0.33642,0.6008,0.725,0.75526,0.22182,-0.6158,0.52302,-0.74048,0.42412
18,1,1,1,2,1,1,20,22.596,62.22,85.892,0.01497,0.008132,0.007926,0.33636,0.6007,0.72488,0.75548,0.22188,-0.61598,0.52286,-0.74026,0.424
19,1,1,1,2,1,1,20,22.588,62.226,85.86,0.014976,0.00813,0.00793,0.3362,0.60042,0.72454,0.7557,0.22194,-0.61614,0.52266,-0.74,0.42384
20,1,1,1,2,1,1,20,22.596,62.268,85.886,0.014974,0.008126,0.007932,0.33608,0.6002,0.72428,0.75574,0.22196,-0.61618,0.5223,-0.7395,0.42356
21,1,1,1,2,1,1,20,22.592,62.25,85.838,0.014976,0.008126,0.007934,0.3361,0.60024,0.72434,0.75562,0.22192,-0.61608,0.52222,-0.73938,0.4235
22,1,1,1,2,1,1,20,22.592,62.21,85.768,0.01498,0.00813,0.007938,0.33612,0.6003,0.7244,0.75598,0.22202,-0.61636,0.52224,-0.73942,0.42352
23,1,1,1,2,1,1,20,22.59,62.188,85.804,0.014976,0.008132,0.007938,0.33616,0.60036,0.7245,0.75598,0.22202,-0.61636,0.52244,-0.7397,0.4237
24,1,1,1,2,1,1,20,22.59,62.2,85.712,0.014974,0.00813,0.007944,0.33624,0.60052,0.7247,0.75632,0.22212,-0.61664,0.52238,-0.7396,0.42364
25,1,1,1,2,1,1,20,22.6,62.204,85.676,0.014968,0.008126,0.007946,0.33614,0.60034,0.72448,0.75672,0.22224,-0.61698,0.52246,-0.73972,0.42372
26,1,1,1,2,1,1,20,22.602,62.25,85.684,0.01497,0.008124,0.007948,0.33626,0.60056,0.72476,0.75692,0.2223,-0.61714,0.52258,-0.73988,0.4238
27,1,1,1,2,1,1,20,22.612,62.258,85.694,0.01496,0.008126,0.007948,0.33628,0.6006,0.72482,0.75652,0.22218,-0.6168,0.52252,-0.73982,0.42376
28,1,1,1,2,1,1,20,22.62,62.258,85.706,0.014952,0.008132,0.007946,0.33628,0.6006,0.7248,0.75646,0.22216,-0.61676,0.52264,-0.74,0.42386
29,1,1,1,2,1,1,20,22.614,62.268,85.68,0.014958,0.00813,0.007948,0.33612,0.60034,0.72446,0.75628,0.2221,-0.6166,0.52244,-0.7397,0.42368
30,1,1,1,2,1,1,20,22.628,62.274,85.69,0.014952,0.00813,0.007948,0.336,0.60012,0.7242,0.75648,0.22216,-0.61678,0.52236,-0.73956,0.42362
31,1,1,1,2,1,1,20,22.624,62.258,85.684,0.01495,0.00813,0.00795,0.33606,0.60022,0.72432,0.75666,0.2222,-0.61692,0.52254,-0.73982,0.42376
32,1,1,1,2,1,1,20,22.636,62.266,85.67,0.014952,0.00813,0.007952,0.336,0.60012,0.7242,0.75688,0.22226,-0.61708,0.52276,-0.74014,0.42394
33,1,1,1,2,1,1,20,22.634,62.266,85.732,0.01495,0.008132,0.00795,0.3361,0.6003,0.72442,0.757,0.22228,-0.61716,0.52306,-0.74058,0.4242
34,1,1,1,2,1,1,20,22.632,62.296,85.746,0.014948,0.008128,0.00795,0.33606,0.6002,0.72432,0.75706,0.2223,-0.61722,0.52294,-0.74042,0.4241
35,1,1,1,2,1,1,20,22.64,62.302,85.72,0.014948,0.008128,0.007952,0.3361,0.60026,0.7244,0.75732,0.22236,-0.61742,0.5231,-0.74066,0.42424
36,1,1,1,2,1,1,20,22.626,62.314,85.722,0.01495,0.008128,0.00795,0.336,0.60008,0.72418,0.75736,0.22236,-0.61746,0.52302,-0.74054,0.42418
37,1,1,1,2,1,1,20,22.624,62.342,85.694,0.014954,0.008126,0.007952,0.3359,0.5999,0.72394,0.75728,0.22234,-0.6174,0.52322,-0.74084,0.42434
38,1,1,1,2,1,1,20,22.614,62.352,85.674,0.014956,0.008124,0.007952,0.33606,0.60018,0.7243,0.75762,0.22244,-0.61768,0.52322,-0.74084,0.42434
39,1,1,1,2,1,1,20,22.612,62.324,85.606,0.014958,0.008128,0.007956,0.33616,0.60038,0.72452,0.75792,0.22252,-0.61792,0.5232,-0.7408,0.4243
40,1,1,1,2,1,1,20,22.622,62.356,85.634,0.014954,0.008124,0.007956,0.33624,0.60054,0.72472,0.7578,0.2225,-0.61784,0.52308,-0.74064,0.42422
41,1,1,1,2,1,1,20,22.608,62.364,85.704,0.014954,0.008122,0.007954,0.33626,0.6006,0.72478,0.75744,0.2224,-0.61756,0.52298,-0.7405,0.42414
42,1,1,1,2,1,1,20,22.602,62.358,85.736,0.014958,0.008124,0.007954,0.33616,0.60042,0.72458,0.7575,0.22242,-0.61762,0.5233,-0.74096,0.4244
43,1,1,1,2,1,1,20,22.598,62.344,85.72,0.014956,0.008128,0.007954,0.33608,0.6003,0.7244,0.75736,0.22238,-0.6175,0.5231,-0.7407,0.42424
44,1,1,1,2,1,1,20,22.586,62.34,85.688,0.014958,0.008128,0.007954,0.3361,0.60036,0.72446,0.75726,0.22236,-0.61742,0.52328,-0.74096,0.42438
45,1,1,1,2,1,1,20,22.586,62.312,85.648,0.01496,0.008128,0.007954,0.33604,0.60024,0.72432,0.75724,0.22236,-0.61742,0.5233,-0.74096,0.42438
46,1,1,1,2,1,1,20,22.584,62.302,85.594,0.014956,0.008126,0.007958,0.33606,0.60028,0.72436,0.75712,0.22232,-0.61732,0.52326,-0.7409,0.42434
47,1,1,1,2,1,1,20,22.6,62.272,85.684,0.014946,0.008128,0.007956,0.33608,0.6003,0.72438,0.75688,0.22226,-0.61712,0.52336,-0.74102,0.42442
48,1,1,1,2,1,1,20,22.612,62.312,85.7,0.01494,0.008124,0.007954,0.33608,0.60032,0.72438,0.75638,0.2221,-0.61672,0.52346,-0.74118,0.42452
49,1,1,1,2,1,1,20,22.612,62.334,85.674,0.014946,0.008124,0.007954,0.33604,0.60024,0.72428,0.75618,0.22206,-0.61656,0.52356,-0.74132,0.4246
50,1,1,1,2,1,1,20,22.614,62.344,85.63,0.014944,0.008124,0.007956,0.33614,0.60044,0.7245,0.75624,0.22208,-0.6166,0.52338,-0.74104,0.42444
51,1,1,1,2,1,1,20,22.61,62.378,85.688,0.014948,0.00812,0.007956,0.33606,0.6003,0.72432,0.75608,0.22204,-0.61648,0.52338,-0.74102,0.42442
52,1,1,1,2,1,1,20,22.61,62.39,85.682,0.014952,0.00812,0.007956,0.33622,0.60058,0.72466,0.75614,0.22206,-0.61652,0.52324,-0.74082,0.4243
53,1,1,1,2,1,1,20,22.604,62.364,85.7,0.014958,0.008122,0.00795400000000001,0.33626,0.60066,0.72474,0.75662,0.2222,-0.6169,0.52334,-0.74096,0.42436
54,1,1,1,2,1,1,20,22.608,62.336,85.716,0.014958,0.008122,0.00795400000000001,0.33642,0.60094,0.72508,0.7562,0.22208,-0.61654,0.5236,-0.74134,0.42458
55,1,1,1,2,1,1,20,22.608,62.334,85.696,0.014962,0.008126,0.007952,0.33644,0.60096,0.72512,0.75616,0.22206,-0.6165,0.5237,-0.7415,0.42466
56,1,1,1,2,1,1,20,22.592,62.266,85.738,0.014968,0.008128,0.00795000000000001,0.33646,0.60098,0.72516,0.75598,0.22202,-0.61634,0.52376,-0.7416,0.42472
57,1,1,1,2,1,1,20,22.608,62.284,85.736,0.014958,0.008122,0.00794800000000001,0.33638,0.60082,0.72496,0.75588,0.22198,-0.61624,0.5238,-0.74164,0.42476
58,1,1,1,2,1,1,20,22.612,62.324,85.8,0.014958,0.008118,0.00794800000000001,0.33638,0.60082,0.72496,0.7559,0.222,-0.61626,0.52398,-0.7419,0.4249
59,1,1,1,2,1,1,20,22.598,62.336,85.764,0.01496,0.008116,0.00795,0.33624,0.6006,0.72468,0.75614,0.22206,-0.61644,0.52376,-0.7416,0.42472
60,1,1,1,2,1,1,20,22.604,62.352,85.762,0.014966,0.008112,0.007952,0.33636,0.60084,0.72496,0.7562,0.22208,-0.61648,0.52378,-0.74162,0.42474
61,1,1,1,2,1,1,20,22.584,62.3,85.686,0.014976,0.008118,0.007958,0.33664,0.60132,0.72554,0.75668,0.22222,-0.61686,0.52404,-0.74198,0.42494
62,1,1,1,2,1,1,20,22.582,62.346,85.642,0.01498,0.008116,0.007964,0.33656,0.6012,0.72538,0.75686,0.22228,-0.617,0.52398,-0.74192,0.4249
63,1,1,1,2,1,1,20,22.572,62.35,85.6,0.014986,0.00812,0.007968,0.33658,0.60124,0.72542,0.757,0.22232,-0.6171,0.524,-0.74196,0.4249
64,1,1,1,2,1,1,20,22.574,62.364,85.582,0.01498,0.00812,0.007966,0.3367,0.60148,0.7257,0.75664,0.22222,-0.6168,0.52362,-0.74144,0.4246
65,1,1,1,2,1,1,20,22.57,62.402,85.532,0.014976,0.008114,0.00797,0.3366,0.6013,0.72548,0.75696,0.22232,-0.61706,0.52366,-0.7415,0.42464
66,1,1,1,2,1,1,20,22.568,62.406,85.504,0.014978,0.008114,0.00797,0.33664,0.60136,0.72556,0.75728,0.22242,-0.61732,0.52356,-0.74138,0.42456
67,1,1,1,2,1,1,20,22.56,62.454,85.514,0.014984,0.008112,0.007968,0.33674,0.60154,0.72578,0.75694,0.22232,-0.61704,0.5235,-0.7413,0.4245
68,1,1,1,2,1,1,20,22.542,62.466,85.508,0.014992,0.00811,0.007968,0.3368,0.60164,0.72588,0.75682,0.22228,-0.61694,0.5235,-0.7413,0.4245
69,1,1,1,2,1,1,20,22.542,62.454,85.56,0.01499,0.008112,0.007964,0.3369,0.60182,0.72608,0.75678,0.22228,-0.61692,0.5236,-0.74144,0.4246
70,1,1,1,2,1,1,20,22.542,62.458,85.542,0.014994,0.008114,0.00796,0.33698,0.60196,0.72624,0.7568,0.22228,-0.61692,0.52384,-0.74178,0.42478
71,1,1,1,2,1,1,20,22.548,62.466,85.566,0.014994,0.008116,0.007958,0.33708,0.60216,0.72648,0.7566,0.22222,-0.61676,0.52406,-0.74208,0.42496
72,1,1,1,2,1,1,20,22.552,62.484,85.578,0.014988,0.008114,0.007956,0.33702,0.60202,0.72634,0.7564,0.22216,-0.61662,0.52402,-0.74202,0.42492
73,1,1,1,2,1,1,20,22.554,62.496,85.574,0.014992,0.008114,0.007956,0.33696,0.60192,0.7262,0.75636,0.22214,-0.61658,0.52388,-0.74182,0.4248
74,1,1,1,2,1,1,20,22.55,62.462,85.584,0.01499,0.008116,0.007956,0.33702,0.60204,0.72632,0.75632,0.22214,-0.61654,0.5239,-0.74186,0.42482
75,1,1,1,2,1,1,20,22.548,62.426,85.586,0.01499,0.008124,0.007956,0.33708,0.60218,0.72648,0.75604,0.22206,-0.61632,0.52396,-0.74194,0.42486
76,1,1,1,2,1,1,20,22.54,62.424,85.608,0.014992,0.008124,0.007954,0.337,0.60204,0.7263,0.75636,0.22216,-0.61658,0.52396,-0.74196,0.42488
77,1,1,1,2,1,1,20,22.53,62.412,85.578,0.014998,0.008126,0.007956,0.33694,0.60194,0.72618,0.75646,0.22218,-0.61666,0.52388,-0.74184,0.42482
78,1,1,1,2,1,1,20,22.536,62.398,85.55,0.015,0.008122,0.00796,0.33706,0.60216,0.72646,0.75632,0.22214,-0.61654,0.5239,-0.74186,0.42482
79,1,1,1,2,1,1,20,22.536,62.392,85.598,0.014994,0.008126,0.007958,0.3371,0.60222,0.72654,0.75688,0.22232,-0.617,0.52396,-0.74194,0.42488
80,1,1,1,2,1,1,20,22.528,62.422,85.582,0.014992,0.008124,0.007958,0.33718,0.60236,0.7267,0.75668,0.22226,-0.61684,0.5238,-0.74172,0.42474
81,1,1,1,2,1,1,20,22.518,62.424,85.624,0.014996,0.008124,0.007954,0.3372,0.6024,0.72676,0.75678,0.22228,-0.61692,0.5235,-0.74132,0.4245
82,1,1,1,2,1,1,20,22.512,62.42,85.624,0.014998,0.008122,0.007954,0.33732,0.6026,0.727,0.75676,0.22228,-0.6169,0.52364,-0.74148,0.4246
83,1,1,1,2,1,1,20,22.518,62.4,85.582,0.014998,0.008124,0.007958,0.3374,0.60276,0.7272,0.7568,0.2223,-0.61694,0.52368,-0.74152,0.42462
84,1,1,1,2,1,1,20,22.524,62.35,85.55,0.015004,0.008126,0.00796,0.33754,0.60302,0.72748,0.75662,0.22224,-0.6168,0.52384,-0.74174,0.42474
85,1,1,1,2,1,1,20,22.518,62.328,85.544,0.015002,0.008126,0.007962,0.33732,0.60264,0.72702,0.75668,0.22226,-0.61684,0.52386,-0.74176,0.42474
86,1,1,1,2,1,1,20,22.516,62.332,85.534,0.015002,0.008126,0.007964,0.33738,0.60276,0.72716,0.75664,0.22226,-0.6168,0.52374,-0.7416,0.42464
87,1,1,1,2,1,1,20,22.514,62.318,85.52,0.014998,0.008126,0.007964,0.3375,0.60298,0.72744,0.75666,0.22228,-0.61682,0.52358,-0.74136,0.4245
88,1,1,1,2,1,1,20,22.524,62.316,85.614,0.014994,0.008128,0.007962,0.33734,0.6027,0.72708,0.75654,0.22224,-0.61672,0.5236,-0.7414,0.42452
89,1,1,1,2,1,1,20,22.522,62.314,85.644,0.014996,0.008126,0.00796,0.33726,0.60256,0.72692,0.75618,0.22214,-0.61644,0.52356,-0.74134,0.4245
90,1,1,1,2,1,1,20,22.518,62.274,85.65,0.014998,0.00813,0.00796,0.33726,0.60258,0.72694,0.75608,0.2221,-0.61634,0.52364,-0.74146,0.42456
91,1,1,1,2,1,1,20,22.518,62.254,85.664,0.014998,0.008134,0.007958,0.33738,0.6028,0.72722,0.75602,0.22208,-0.61628,0.5237,-0.74154,0.4246
92,1,1,1,2,1,1,20,22.522,62.292,85.66,0.014998,0.00813,0.007956,0.33718,0.60246,0.7268,0.75586,0.22202,-0.61614,0.5235,-0.74126,0.42444
93,1,1,1,2,1,1,20,22.52,62.308,85.706,0.015004,0.008128,0.007956,0.33728,0.60262,0.727,0.75582,0.222,-0.6161,0.5234,-0.7411,0.42436
94,1,1,1,2,1,1,20,22.52,62.336,85.79,0.015006,0.008128,0.007954,0.3374,0.60282,0.72724,0.75586,0.222,-0.61612,0.52318,-0.74082,0.4242
95,1,1,1,2,1,1,20,22.524,62.346,85.804,0.015006,0.008126,0.007954,0.33736,0.60276,0.72716,0.75592,0.22202,-0.61618,0.52322,-0.74088,0.42424
96,1,1,1,2,1,1,20,22.534,62.33,85.844,0.015014,0.008128,0.00795,0.33728,0.60262,0.727,0.75628,0.22214,-0.61648,0.52304,-0.74062,0.4241
97,1,1,1,2,1,1,20,22.534,62.358,85.784,0.01502,0.008126,0.007952,0.33726,0.60258,0.72696,0.75658,0.22222,-0.61674,0.52284,-0.74034,0.42394
98,1,1,1,2,1,1,20,22.538,62.334,85.808,0.01502,0.008132,0.00795,0.33724,0.60254,0.72692,0.75698,0.22234,-0.61706,0.52256,-0.73992,0.4237
99,1,1,1,2,1,1,20,22.53,62.34,85.806,0.015018,0.00813,0.007952,0.33718,0.60244,0.72682,0.75676,0.22226,-0.61688,0.52244,-0.73976,0.4236
100,1,1,1,2,1,1,20,22.522,62.338,85.812,0.015018,0.008128,0.00795,0.3371,0.60226,0.7266,0.75658,0.22222,-0.61674,0.52248,-0.73984,0.42364
101,1,1,1,2,1,1,20,22.532,62.316,85.828,0.015018,0.00813,0.00795,0.33714,0.60234,0.7267,0.75672,0.22226,-0.61684,0.52246,-0.73982,0.42362
102,1,1,1,2,1,1,20,22.534,62.334,85.858,0.015016,0.00813,0.00795,0.33692,0.60194,0.7262,0.75664,0.22224,-0.61676,0.52256,-0.73996,0.4237
103,1,1,1,2,1,1,20,22.536,62.406,85.828,0.01501,0.008128,0.007952,0.33684,0.60178,0.726,0.75596,0.22204,-0.61622,0.52226,-0.73952,0.42346
104,1,1,1,2,1,1,20,22.54,62.418,85.814,0.01501,0.00813,0.007952,0.33686,0.60182,0.72606,0.75656,0.22222,-0.61672,0.52196,-0.73908,0.42322
105,1,1,1,2,1,1,20,22.532,62.422,85.828,0.01501,0.008126,0.007952,0.33696,0.60202,0.72628,0.75652,0.22222,-0.6167,0.52212,-0.73928,0.42334
106,1,1,1,2,1,1,20,22.542,62.43,85.812,0.015008,0.008126,0.007952,0.33686,0.60184,0.72606,0.7563,0.22214,-0.61652,0.52218,-0.73936,0.42338
107,1,1,1,2,1,1,20,22.532,62.368,85.798,0.015016,0.008136,0.007952,0.33682,0.60178,0.726,0.7563,0.22214,-0.61654,0.52222,-0.73944,0.42342
108,1,1,1,2,1,1,20,22.534,62.312,85.774,0.015012,0.00814,0.007948,0.33676,0.60166,0.72586,0.75614,0.22208,-0.61642,0.5221,-0.73928,0.42332
109,1,1,1,2,1,1,20,22.548,62.294,85.812,0.01501,0.008142,0.007946,0.33682,0.60174,0.72596,0.75554,0.2219,-0.61594,0.52236,-0.73964,0.42354
110,1,1,1,2,1,1,20,22.544,62.284,85.798,0.01501,0.008146,0.007948,0.33688,0.60182,0.72606,0.75556,0.2219,-0.61596,0.52234,-0.7396,0.4235
111,1,1,1,2,1,1,20,22.542,62.312,85.854,0.015006,0.008146,0.007946,0.33662,0.60136,0.72552,0.75518,0.22178,-0.61566,0.52208,-0.73924,0.4233
112,1,1,1,2,1,1,20,22.536,62.262,85.896,0.015004,0.008148,0.007942,0.33662,0.60136,0.72552,0.75512,0.22176,-0.61562,0.52224,-0.73946,0.42342
113,1,1,1,2,1,1,20,22.55,62.256,85.902,0.014998,0.00815,0.00794,0.3366,0.60132,0.7255,0.75514,0.22178,-0.61564,0.52214,-0.7393,0.42334
114,1,1,1,2,1,1,20,22.55,62.266,85.9,0.01501,0.008148,0.00794,0.33648,0.60112,0.72524,0.75508,0.22176,-0.6156,0.52236,-0.7396,0.42352
115,1,1,1,2,1,1,20,22.554,62.296,85.96,0.015014,0.008148,0.00793800000000001,0.33654,0.60122,0.72538,0.7548,0.22168,-0.61536,0.5224,-0.73964,0.42354
116,1,1,1,2,1,1,20,22.56,62.266,86.012,0.015012,0.008152,0.00793600000000001,0.3366,0.60132,0.7255,0.75464,0.22164,-0.61524,0.52246,-0.7397,0.42358
117,1,1,1,2,1,1,20,22.556,62.252,86.012,0.01501,0.008152,0.00793600000000001,0.33642,0.60098,0.72508,0.7548,0.22168,-0.61536,0.5224,-0.73962,0.42354
118,1,1,1,2,1,1,20,22.568,62.25,85.976,0.015008,0.008154,0.00794,0.33632,0.6008,0.72488,0.75492,0.22172,-0.61546,0.52248,-0.73974,0.4236
119,1,1,1,2,1,1,20,22.566,62.236,85.974,0.015006,0.008154,0.00794,0.33628,0.60074,0.72482,0.75468,0.22164,-0.61526,0.52234,-0.73952,0.42346
120,1,1,1,2,1,1,20,22.558,62.212,85.97,0.015006,0.008154,0.007944,0.33622,0.60064,0.72472,0.75444,0.22156,-0.61508,0.52222,-0.73934,0.42336
121,1,1,1,2,1,1,20,22.566,62.24,85.95,0.015,0.00815,0.007946,0.33618,0.60054,0.72462,0.75512,0.22176,-0.61564,0.52222,-0.73936,0.42336
122,1,1,1,2,1,1,20,22.564,62.238,85.968,0.015002,0.00815,0.007946,0.33602,0.60028,0.7243,0.75522,0.22178,-0.6157,0.52182,-0.7388,0.42306
123,1,1,1,2,1,1,20,22.574,62.21,85.952,0.015,0.00815,0.007946,0.33614,0.60048,0.72454,0.7556,0.22188,-0.616,0.52194,-0.73898,0.42316
124,1,1,1,2,1,1,20,22.562,62.228,85.974,0.01501,0.00815,0.007944,0.33608,0.60036,0.7244,0.7553,0.22178,-0.61576,0.52212,-0.73922,0.4233
125,1,1,1,2,1,1,20,22.572,62.28,85.948,0.015006,0.008142,0.007946,0.33604,0.60026,0.72428,0.755,0.2217,-0.6155,0.5221,-0.73918,0.42328
126,1,1,1,2,1,1,20,22.578,62.25,85.89,0.015006,0.008144,0.00795,0.33616,0.60044,0.7245,0.75482,0.22164,-0.61536,0.52198,-0.73898,0.42316
127,1,1,1,2,1,1,20,22.574,62.24,85.922,0.015004,0.008144,0.007948,0.33616,0.60042,0.72448,0.75488,0.22166,-0.6154,0.52214,-0.7392,0.42328
128,1,1,1,2,1,1,20,22.57,62.292,85.972,0.015008,0.008142,0.007944,0.33614,0.6004,0.72444,0.75484,0.22164,-0.61536,0.52196,-0.73896,0.42314
129,1,1,1,2,1,1,20,22.582,62.288,85.984,0.015,0.008142,0.007944,0.33626,0.6006,0.72468,0.7543,0.22148,-0.6149,0.52204,-0.7391,0.4232
130,1,1,1,2,1,1,20,22.582,62.298,85.974,0.015008,0.008142,0.007946,0.33618,0.60046,0.72452,0.75466,0.22158,-0.6152,0.5223,-0.73948,0.42342
131,1,1,1,2,1,1,20,22.6,62.288,85.998,0.015004,0.008144,0.007948,0.33618,0.60046,0.72452,0.75446,0.22154,-0.61504,0.52236,-0.73956,0.42348
132,1,1,1,2,1,1,20,22.59,62.286,85.994,0.015002,0.008146,0.007948,0.3362,0.6005,0.72456,0.75432,0.2215,-0.61494,0.52214,-0.73928,0.42332
133,1,1,1,2,1,1,20,22.584,62.298,86.042,0.015,0.008144,0.007942,0.3361,0.60032,0.72432,0.7541,0.22144,-0.61476,0.52222,-0.7394,0.42338
134,1,1,1,2,1,1,20,22.582,62.32,86.046,0.014994,0.008144,0.007938,0.33594,0.60002,0.72398,0.75452,0.22158,-0.6151,0.52206,-0.73918,0.42326
135,1,1,1,2,1,1,20,22.596,62.326,86.06,0.014994,0.008146,0.007936,0.33622,0.60052,0.72458,0.75448,0.22158,-0.61508,0.52184,-0.73886,0.42308
136,1,1,1,2,1,1,20,22.602,62.306,86.042,0.014994,0.008146,0.007936,0.33622,0.60052,0.72456,0.7542,0.22148,-0.61484,0.52196,-0.73904,0.42318
137,1,1,1,2,1,1,20,22.604,62.326,86.038,0.014992,0.008146,0.007936,0.336,0.60014,0.7241,0.75448,0.22156,-0.61506,0.52194,-0.73902,0.42318
138,1,1,1,2,1,1,20,22.594,62.326,85.984,0.015,0.008148,0.007936,0.33598,0.6001,0.72408,0.75442,0.22154,-0.61502,0.52188,-0.73894,0.42314
139,1,1,1,2,1,1,20,22.59,62.338,85.962,0.014998,0.00815,0.00794,0.3359,0.59996,0.7239,0.75458,0.22158,-0.61516,0.52176,-0.73878,0.42304
140,1,1,1,2,1,1,20,22.584,62.34,85.988,0.015004,0.008148,0.00794,0.3359,0.59994,0.72388,0.75474,0.22162,-0.6153,0.52194,-0.73902,0.42318
141,1,1,1,2,1,1,20,22.578,62.358,85.984,0.015006,0.008146,0.00794,0.33586,0.59986,0.72378,0.75458,0.22158,-0.61518,0.522,-0.7391,0.42324
142,1,1,1,2,1,1,20,22.58,62.346,85.9480000000001,0.015004,0.008144,0.007944,0.33596,0.60006,0.724,0.75482,0.22166,-0.61536,0.52186,-0.7389,0.42312
143,1,1,1,2,1,1,20,22.584,62.326,85.966,0.015,0.008146,0.007942,0.33582,0.59982,0.72372,0.75478,0.22166,-0.61534,0.52212,-0.73926,0.42332
144,1,1,1,2,1,1,20,22.588,62.286,85.914,0.014998,0.008148,0.007944,0.33566,0.59954,0.7234,0.75488,0.2217,-0.61542,0.52202,-0.7391,0.42322
145,1,1,1,2,1,1,20,22.578,62.304,85.888,0.015,0.00815,0.007944,0.33576,0.59974,0.72364,0.75494,0.22172,-0.61546,0.52206,-0.73916,0.42324
146,1,1,1,2,1,1,20,22.574,62.33,85.882,0.014994,0.00815,0.007946,0.3357,0.59962,0.7235,0.75472,0.22164,-0.61528,0.52208,-0.7392,0.42326
147,1,1,1,2,1,1,20,22.56,62.298,85.86,0.015,0.00815,0.007946,0.33578,0.59976,0.72366,0.75464,0.22162,-0.61522,0.5222,-0.73938,0.42336
148,1,1,1,2,1,1,20,22.554,62.268,85.85,0.015,0.00815,0.007946,0.33576,0.59972,0.72362,0.75476,0.22166,-0.6153,0.52252,-0.73986,0.42364
149,1,1,1,2,1,1,20,22.574,62.256,85.88,0.014996,0.008152,0.007944,0.33582,0.59984,0.72376,0.75502,0.22174,-0.6155,0.52254,-0.73988,0.42366
150,1,1,1,2,1,1,20,22.582,62.244,85.892,0.014998,0.008154,0.007942,0.33592,0.60002,0.72398,0.75512,0.22176,-0.61558,0.52258,-0.73992,0.42368
151,1.1,1,1,2,1,1,20,22.59,62.214,85.854,0.014992,0.008154,0.007942,0.3359,0.5999,0.72378,0.75546,0.22102,-0.61574,0.52146,-0.7402,0.42418
152,1.1,1,1,2,1,1,20,22.586,62.152,85.844,0.01499,0.008158,0.00794,0.3361,0.60014,0.72406,0.75546,0.22018,-0.61564,0.52042,-0.74062,0.42474
153,1.1,1,1,2,1,1,20,22.596,62.08,85.854,0.01499,0.00816,0.007938,0.33606,0.59998,0.72386,0.75602,0.2195,-0.61598,0.51948,-0.74116,0.42538
154,1.1,1,1,2,1,1,20,22.59,62.036,85.842,0.014992,0.008158,0.00794,0.33608,0.59992,0.72374,0.75608,0.21868,-0.61592,0.51842,-0.74152,0.42588
155,1.1,1,1,2,1,1,20,22.586,62.01,85.87,0.014992,0.008162,0.007938,0.3361,0.59984,0.72364,0.75662,0.21798,-0.61624,0.51744,-0.74206,0.42652
156,1.1,1,1,2,1,1,20,22.58,61.988,85.842,0.014996,0.008164,0.007938,0.33622,0.59996,0.72376,0.75722,0.21732,-0.61664,0.51628,-0.74228,0.42698
157,1.1,1,1,2,1,1,20,22.58,62.022,85.832,0.014994,0.00816,0.007938,0.33638,0.60012,0.72392,0.75752,0.21658,-0.61676,0.51514,-0.7425,0.42742
158,1.1,1,1,2,1,1,20,22.592,61.976,85.818,0.014992,0.008162,0.007936,0.33654,0.60032,0.72414,0.75758,0.21578,-0.61668,0.51384,-0.7425,0.42774
159,1.1,1,1,2,1,1,20,22.578,61.948,85.756,0.014996,0.008162,0.007936,0.33666,0.60046,0.72428,0.75826,0.21514,-0.61714,0.51264,-0.74268,0.42816
160,1.1,1,1,2,1,1,20,22.566,61.932,85.732,0.014998,0.008162,0.007938,0.3367,0.60042,0.7242,0.75854,0.21438,-0.61726,0.51152,-0.743,0.42866
161,1.1,1,1,2,1,1,20,22.56,61.904,85.72,0.015002,0.00816,0.007936,0.33686,0.60058,0.72436,0.75882,0.21362,-0.61736,0.51048,-0.74338,0.42918
162,1.1,1,1,2,1,1,20,22.572,61.862,85.644,0.015002,0.008162,0.007938,0.33686,0.60046,0.7242,0.75914,0.21286,-0.61752,0.50938,-0.74372,0.4297
163,1.1,1,1,2,1,1,20,22.546,61.85,85.638,0.015012,0.00816,0.007938,0.33688,0.60038,0.72406,0.75932,0.21206,-0.61756,0.50848,-0.74436,0.43038
164,1.1,1,1,2,1,1,20,22.54,61.834,85.672,0.015006,0.00816,0.007938,0.33698,0.60044,0.7241,0.7599,0.2114,-0.61792,0.50744,-0.7448,0.43094
165,1.1,1,1,2,1,1,20,22.532,61.734,85.608,0.015008,0.00816799999999999,0.00794,0.33714,0.60062,0.72428,0.76026,0.21066,-0.6181,0.50624,-0.74498,0.43136
166,1.1,1,1,2,1,1,20,22.518,61.726,85.576,0.015012,0.008166,0.00794,0.33716,0.60054,0.72416,0.76052,0.2099,-0.6182,0.50512,-0.74528,0.43184
167,1.1,1,1,2,1,1,20,22.514,61.678,85.55,0.015016,0.00816799999999999,0.00794,0.33724,0.60058,0.7242,0.7607,0.20912,-0.61826,0.5042,-0.74586,0.4325
168,1.1,1,1,2,1,1,20,22.512,61.648,85.554,0.015014,0.008168,0.007936,0.33728,0.60054,0.72412,0.7607,0.2083,-0.61816,0.5033,-0.74646,0.43318
169,1.1,1,1,2,1,1,20,22.512,61.618,85.512,0.015018,0.00817,0.007934,0.33752,0.60086,0.72446,0.76094,0.20756,-0.61826,0.50236,-0.74704,0.43384
170,1.1,1,1,2,1,1,20,22.524,61.572,85.566,0.015018,0.008172,0.007928,0.33748,0.6007,0.72422,0.7613,0.20684,-0.61846,0.5015,-0.74774,0.43458
171,1.1,1,1,2,1,1,20,22.514,61.532,85.562,0.015026,0.008176,0.007926,0.33746,0.60058,0.72402,0.7613,0.206,-0.61834,0.50044,-0.74814,0.43512
172,1.1,1,1,2,1,1,20,22.51,61.488,85.57,0.015024,0.008178,0.007924,0.33756,0.60064,0.72404,0.76156,0.20524,-0.61844,0.4994,-0.7485,0.43564
173,1.1,1,1,2,1,1,20,22.494,61.492,85.512,0.015028,0.00818,0.007926,0.33766,0.60072,0.72412,0.7616,0.20442,-0.61836,0.49804,-0.74838,0.43588
174,1.1,1,1,2,1,1,20,22.494,61.416,85.52,0.015026,0.008182,0.007922,0.33762,0.60056,0.72392,0.7619,0.20368,-0.6185,0.49686,-0.7486,0.43634
175,1.1,1,1,2,1,1,20,22.482,61.364,85.532,0.015032,0.008188,0.00792,0.33766,0.60052,0.72386,0.76252,0.20302,-0.6189,0.49598,-0.7493,0.43706
176,1.1,1,1,2,1,1,20,22.476,61.336,85.514,0.015036,0.00819,0.007918,0.33764,0.60038,0.72366,0.76254,0.2022,-0.6188,0.4951,-0.74998,0.43778
177,1.1,1,1,2,1,1,20,22.478,61.314,85.468,0.01504,0.008188,0.00792,0.3378,0.60058,0.72388,0.76272,0.20142,-0.61886,0.49398,-0.75028,0.43826
178,1.1,1,1,2,1,1,20,22.484,61.234,85.398,0.015034,0.008194,0.007924,0.33784,0.60054,0.72382,0.76304,0.20068,-0.61902,0.49288,-0.75056,0.43874
179,1.1,1,1,2,1,1,20,22.472,61.2,85.338,0.01504,0.008194,0.007926,0.33774,0.60026,0.72346,0.7634,0.19994,-0.61924,0.49166,-0.75068,0.43914
180,1.1,1,1,2,1,1,20,22.47,61.14,85.314,0.015042,0.008196,0.007924,0.3378,0.60024,0.72342,0.76332,0.19908,-0.61906,0.49068,-0.7512,0.43976
181,1.1,1,1,2,1,1,20,22.47,61.15,85.252,0.01504,0.008194,0.007924,0.33786,0.60024,0.72338,0.76348,0.19828,-0.61908,0.48962,-0.75158,0.44028
182,1.1,1,1,2,1,1,20,22.468,61.126,85.224,0.01504,0.008194,0.007924,0.33788,0.60018,0.72328,0.76388,0.19756,-0.6193,0.48864,-0.75206,0.44088
183,1.1,1,1,2,1,1,20,22.474,61.154,85.258,0.015042,0.00819,0.007924,0.338,0.60028,0.72338,0.76426,0.19682,-0.61952,0.48746,-0.75228,0.44134
184,1.1,1,1,2,1,1,20,22.476,61.092,85.264,0.015046,0.008194,0.007924,0.33812,0.60042,0.7235,0.76388,0.19588,-0.61908,0.48638,-0.7526,0.44184
185,1.1,1,1,2,1,1,20,22.466,61.07,85.244,0.015052,0.008194,0.007924,0.33812,0.6003,0.72332,0.7638,0.19502,-0.6189,0.48542,-0.75312,0.44246
186,1.1,1,1,2,1,1,20,22.46,61.044,85.228,0.015056,0.00819399999999999,0.007922,0.33818,0.60032,0.72334,0.76452,0.19438,-0.61938,0.48432,-0.75342,0.44296
187,1.1,1,1,2,1,1,20,22.462,60.998,85.186,0.015056,0.008198,0.007924,0.3384,0.6006,0.72364,0.7642,0.19346,-0.61902,0.48346,-0.7541,0.44366
188,1.1,1,1,2,1,1,20,22.464,60.976,85.134,0.01505,0.008198,0.007928,0.3387,0.601,0.72408,0.76448,0.1927,-0.61914,0.48232,-0.75434,0.44412
189,1.1,1,1,2,1,1,20,22.482,60.976,85.148,0.015042,0.008198,0.007924,0.3389,0.60124,0.72434,0.76492,0.19198,-0.61938,0.48124,-0.75464,0.44462
190,1.1,1,1,2,1,1,20,22.486,60.988,85.11,0.01504,0.008198,0.007926,0.33902,0.60134,0.72442,0.7651,0.1912,-0.61944,0.48004,-0.75482,0.44504
191,1.1,1,1,2,1,1,20,22.504,60.962,85.028,0.015034,0.0082,0.00793,0.33908,0.60134,0.72438,0.76568,0.19052,-0.6198,0.47886,-0.75504,0.44548
192,1.1,1,1,2,1,1,20,22.49,60.932,85.01,0.01504,0.008206,0.00793,0.33906,0.60118,0.72418,0.7656,0.18966,-0.61964,0.4781,-0.75586,0.44628
193,1.1,1,1,2,1,1,20,22.488,60.884,84.944,0.01504,0.00821,0.007934,0.33926,0.6014,0.72442,0.7657,0.18884,-0.61962,0.47686,-0.75596,0.44666
194,1.1,1,1,2,1,1,20,22.478,60.846,84.91,0.015042,0.00821,0.007932,0.33932,0.60138,0.72436,0.76548,0.18796,-0.61934,0.47582,-0.75634,0.4472
195,1.1,1,1,2,1,1,20,22.482,60.79,84.934,0.01504,0.008212,0.007932,0.33934,0.60128,0.72422,0.7655,0.18714,-0.61924,0.47456,-0.7564,0.44756
196,1.1,1,1,2,1,1,20,22.482,60.73,84.936,0.01504,0.00821,0.00793,0.33926,0.60106,0.72392,0.76556,0.18634,-0.61918,0.47354,-0.75682,0.44812
197,1.1,1,1,2,1,1,20,22.484,60.744,84.932,0.015038,0.00821,0.00793,0.33932,0.60104,0.72388,0.76584,0.18558,-0.6193,0.47242,-0.7571,0.4486
198,1.1,1,1,2,1,1,20,22.474,60.75,84.902,0.015046,0.00821,0.00793,0.3394,0.6011,0.72392,0.76606,0.1848,-0.61938,0.4712,-0.75726,0.449
199,1.1,1,1,2,1,1,20,22.47,60.768,84.872,0.015048,0.008208,0.007932,0.33952,0.6012,0.72402,0.76634,0.18404,-0.61952,0.47028,-0.75786,0.44966
200,1.1,1,1,2,1,1,20,22.458,60.744,84.892,0.015054,0.008206,0.007934,0.3395,0.60106,0.72382,0.76636,0.18322,-0.61944,0.46926,-0.75832,0.45026
201,1.1,1,1,2,1,1,20,22.454,60.74,84.834,0.015058,0.008206,0.007938,0.33966,0.60134,0.72418,0.76636,0.18322,-0.61946,0.46928,-0.75834,0.45026
202,1.1,1,1,2,1,1,20,22.458,60.718,84.806,0.015056,0.008208,0.007942,0.33952,0.60108,0.72388,0.76632,0.18322,-0.61944,0.46912,-0.75808,0.4501
203,1.1,1,1,2,1,1,20,22.446,60.712,84.782,0.015056,0.008208,0.007942,0.33962,0.60124,0.72408,0.76628,0.18322,-0.6194,0.46914,-0.75812,0.45012
204,1.1,1,1,2,1,1,20,22.442,60.698,84.798,0.015058,0.00821,0.00794,0.3396,0.6012,0.72404,0.76618,0.18318,-0.61932,0.46924,-0.75828,0.45022
205,1.1,1,1,2,1,1,20,22.44,60.7,84.738,0.01506,0.008206,0.007942,0.33948,0.60098,0.72376,0.766,0.18314,-0.61916,0.4692,-0.75822,0.45018
206,1.1,1,1,2,1,1,20,22.442,60.702,84.784,0.015058,0.008204,0.007942,0.3395,0.601,0.72378,0.7657,0.18308,-0.6189,0.46918,-0.7582,0.45016
207,1.1,1,1,2,1,1,20,22.446,60.696,84.792,0.015056,0.008204,0.00794,0.3395,0.601,0.7238,0.76574,0.18308,-0.61894,0.46942,-0.7586,0.4504
208,1.1,1,1,2,1,1,20,22.422,60.71,84.816,0.015066,0.008204,0.007942,0.33938,0.6008,0.72354,0.76614,0.18318,-0.61928,0.46976,-0.75914,0.45072
209,1.1,1,1,2,1,1,20,22.428,60.71,84.84,0.015066,0.008202,0.007942,0.33934,0.6007,0.72342,0.76622,0.1832,-0.61934,0.46962,-0.7589,0.45058
210,1.1,1,1,2,1,1,20,22.426,60.716,84.828,0.015068,0.008202,0.007936,0.33934,0.6007,0.72342,0.76628,0.18322,-0.61938,0.46952,-0.75872,0.45048
211,1.1,1,1,2,1,1,20,22.434,60.732,84.798,0.015064,0.008202,0.007938,0.3393,0.60064,0.72336,0.76624,0.18322,-0.61936,0.46968,-0.75896,0.45064
212,1.1,1,1,2,1,1,20,22.43,60.776,84.828,0.015062,0.008198,0.007938,0.33928,0.60062,0.72334,0.765940000000001,0.18316,-0.61912,0.46978,-0.7591,0.45074
213,1.1,1,1,2,1,1,20,22.454,60.714,84.808,0.015054,0.008202,0.007942,0.3394,0.60086,0.72362,0.76596,0.18318,-0.61914,0.46972,-0.759,0.4507
214,1.1,1,1,2,1,1,20,22.448,60.704,84.738,0.015058,0.008202,0.007944,0.33938,0.60082,0.72358,0.76592,0.18316,-0.61912,0.46964,-0.75886,0.45062
215,1.1,1,1,2,1,1,20,22.452,60.744,84.792,0.015056,0.008196,0.00794,0.3393,0.60068,0.7234,0.76574,0.18312,-0.61898,0.46972,-0.75898,0.4507
216,1.1,1,1,2,1,1,20,22.464,60.72,84.812,0.015054,0.008198,0.00794,0.3394,0.60086,0.7236,0.7659,0.18316,-0.61912,0.46956,-0.7587,0.45054
217,1.1,1,1,2,1,1,20,22.474,60.724,84.788,0.01505,0.008198,0.007944,0.33954,0.6011,0.72388,0.76586,0.18316,-0.61908,0.46952,-0.75866,0.4505
218,1.1,1,1,2,1,1,20,22.474,60.704,84.848,0.015052,0.008198,0.007944,0.33958,0.60118,0.72398,0.76586,0.18316,-0.61908,0.46942,-0.7585,0.45042
219,1.1,1,1,2,1,1,20,22.486,60.712,84.84,0.015046,0.008196,0.00794800000000001,0.33944,0.60092,0.72366,0.76596,0.18318,-0.61916,0.46934,-0.75836,0.45034
220,1.1,1,1,2,1,1,20,22.482,60.71,84.766,0.015042,0.00819599999999999,0.007952,0.3396,0.60118,0.72398,0.76586,0.18316,-0.61906,0.46918,-0.7581,0.45018
221,1.1,1,1,2,1,1,20,22.486,60.706,84.746,0.015036,0.008194,0.007956,0.33964,0.60124,0.72406,0.76556,0.1831,-0.61882,0.46906,-0.75788,0.45006
222,1.1,1,1,2,1,1,20,22.488,60.692,84.766,0.015044,0.008192,0.007956,0.33972,0.60138,0.72424,0.76532,0.18304,-0.61864,0.4692,-0.7581,0.45018
223,1.1,1,1,2,1,1,20,22.478,60.672,84.822,0.015048,0.008192,0.007952,0.33964,0.60122,0.72404,0.765,0.18296,-0.6184,0.46946,-0.75854,0.45044
224,1.1,1,1,2,1,1,20,22.484,60.736,84.84,0.015042,0.00819,0.007952,0.33974,0.60138,0.72422,0.76496,0.18296,-0.61838,0.46938,-0.75844,0.45036
225,1.1,1,1,2,1,1,20,22.492,60.736,84.842,0.01504,0.00819,0.007952,0.33984,0.60156,0.72444,0.76482,0.18292,-0.61826,0.4691,-0.758,0.4501
226,1.1,1,1,2,1,1,20,22.484,60.74,84.874,0.01504,0.00819,0.007954,0.33978,0.60148,0.72434,0.76444,0.18282,-0.61796,0.46906,-0.75794,0.45006
227,1.1,1,1,2,1,1,20,22.486,60.748,84.896,0.015036,0.008192,0.007952,0.33966,0.60124,0.72406,0.76444,0.18282,-0.61794,0.4691,-0.758,0.4501
228,1.1,1,1,2,1,1,20,22.468,60.758,84.88,0.01504,0.00819,0.007952,0.33966,0.60124,0.72406,0.76442,0.18282,-0.61792,0.46914,-0.75808,0.45014
229,1.1,1,1,2,1,1,20,22.48,60.784,84.892,0.015038,0.008188,0.00795,0.33964,0.60122,0.72404,0.7642,0.18278,-0.61772,0.4691,-0.75802,0.4501
230,1.1,1,1,2,1,1,20,22.478,60.804,84.924,0.015036,0.008186,0.007948,0.33976,0.60146,0.7243,0.76438,0.18282,-0.61786,0.469,-0.75784,0.45
231,1.1,1,1,2,1,1,20,22.468,60.8,84.946,0.015042,0.008184,0.007948,0.33968,0.6013,0.7241,0.76428,0.1828,-0.61778,0.46902,-0.75788,0.45002
232,1.1,1,1,2,1,1,20,22.484,60.766,84.994,0.015042,0.008186,0.007946,0.33972,0.60134,0.72416,0.76408,0.18276,-0.61762,0.46906,-0.75796,0.45006
233,1.1,1,1,2,1,1,20,22.482,60.718,84.958,0.01504,0.00819,0.007948,0.33964,0.6012,0.724,0.7637,0.18268,-0.6173,0.46918,-0.75816,0.45018
234,1.1,1,1,2,1,1,20,22.474,60.74,84.972,0.01504,0.00819,0.007948,0.33968,0.60124,0.72408,0.7638,0.1827,-0.6174,0.4694,-0.75852,0.4504
235,1.1,1,1,2,1,1,20,22.472,60.748,84.996,0.015038,0.00819,0.007948,0.33968,0.60126,0.7241,0.7637,0.18268,-0.61732,0.4695,-0.75868,0.4505
236,1.1,1,1,2,1,1,20,22.474,60.768,84.99,0.015036,0.00819,0.007952,0.3397,0.60128,0.72412,0.7633,0.1826,-0.617,0.46948,-0.75866,0.45048
237,1.1,1,1,2,1,1,20,22.482,60.774,85.052,0.015038,0.008186,0.00795,0.3397,0.60128,0.72412,0.76372,0.1827,-0.61734,0.4692,-0.75822,0.45022
238,1.1,1,1,2,1,1,20,22.484,60.764,85.114,0.015038,0.008186,0.007946,0.33938,0.60074,0.72348,0.76352,0.18266,-0.61718,0.46938,-0.7585,0.45038
239,1.1,1,1,2,1,1,20,22.474,60.764,85.07,0.015042,0.008184,0.007948,0.33936,0.6007,0.72344,0.76318,0.18258,-0.6169,0.4695,-0.7587,0.4505
240,1.1,1,1,2,1,1,20,22.478,60.732,85.062,0.01504,0.008184,0.007948,0.3393,0.6006,0.72332,0.76298,0.18254,-0.61672,0.46956,-0.75878,0.45056
241,1.1,1,1,2,1,1,20,22.47,60.728,85.054,0.015044,0.008184,0.007948,0.33928,0.60056,0.72328,0.76282,0.1825,-0.61658,0.46956,-0.75876,0.45054
242,1.1,1,1,2,1,1,20,22.48,60.72,85.044,0.015042,0.008184,0.007948,0.33934,0.60066,0.72338,0.76308,0.18256,-0.61678,0.46912,-0.75806,0.45012
243,1.1,1,1,2,1,1,20,22.472,60.734,85.048,0.015046,0.00818,0.007946,0.33946,0.6009,0.72366,0.76292,0.18252,-0.61664,0.46926,-0.7583,0.45026
244,1.1,1,1,2,1,1,20,22.488,60.718,85.074,0.015044,0.00818,0.007948,0.33956,0.6011,0.7239,0.76324,0.1826,-0.61692,0.4693,-0.75838,0.4503
245,1.1,1,1,2,1,1,20,22.496,60.728,85.058,0.015042,0.00818,0.007946,0.33962,0.60122,0.72404,0.76332,0.18262,-0.61698,0.46932,-0.75844,0.45034
246,1.1,1,1,2,1,1,20,22.496,60.772,85.006,0.015042,0.00818,0.00795,0.3398,0.60152,0.72442,0.76334,0.18262,-0.617,0.4693,-0.75842,0.45032
247,1.1,1,1,2,1,1,20,22.488,60.748,85.028,0.015044,0.008178,0.007948,0.33974,0.60142,0.7243,0.76344,0.18266,-0.61708,0.46938,-0.75854,0.4504
248,1.1,1,1,2,1,1,20,22.504,60.756,85.004,0.015034,0.008178,0.00795,0.33976,0.60144,0.72434,0.76302,0.18256,-0.61674,0.46918,-0.7582,0.4502
249,1.1,1,1,2,1,1,20,22.506,60.728,84.998,0.015028,0.008178,0.007948,0.33976,0.60142,0.7243,0.76304,0.18256,-0.61674,0.46924,-0.7583,0.45026
250,1.1,1,1,2,1,1,20,22.51,60.728,85.002,0.015024,0.00818,0.007948,0.3398,0.6015,0.72442,0.76312,0.18258,-0.6168,0.46914,-0.75814,0.45016
251,1.1,1,1,2,1,1,20,22.518,60.73,85.054,0.01502,0.008178,0.007946,0.33978,0.60146,0.72438,0.7631,0.18258,-0.61678,0.46904,-0.75798,0.45006
252,1.1,1,1,2,1,1,20,22.514,60.744,85.098,0.015026,0.008176,0.007942,0.33992,0.60174,0.7247,0.76312,0.18258,-0.6168,0.46912,-0.7581,0.45014
253,1.1,1,1,2,1,1,20,22.51,60.728,85.1,0.015026,0.008178,0.007942,0.34004,0.60194,0.72494,0.76328,0.18262,-0.61694,0.46908,-0.75804,0.4501
254,1.1,1,1,2,1,1,20,22.518,60.752,85.08,0.015018,0.008178,0.007944,0.34002,0.60192,0.72492,0.7633,0.18264,-0.61696,0.46904,-0.75798,0.45008
255,1.1,1,1,2,1,1,20,22.526,60.754,85.136,0.015018,0.008184,0.007942,0.3401,0.60206,0.7251,0.76344,0.18268,-0.61708,0.46902,-0.75794,0.45006
256,1.1,1,1,2,1,1,20,22.52,60.77,85.092,0.015022,0.008182,0.007942,0.3403,0.60242,0.72554,0.76338,0.18266,-0.61704,0.469,-0.7579,0.45004
257,1.1,1,1,2,1,1,20,22.518,60.776,85.132,0.015026,0.008182,0.00794,0.34028,0.60238,0.72548,0.7635,0.1827,-0.61714,0.46898,-0.75788,0.45002
258,1.1,1,1,2,1,1,20,22.518,60.784,85.086,0.015022,0.00818,0.00794,0.34036,0.6025,0.72564,0.763320000000001,0.18266,-0.61698,0.4688,-0.75758,0.44984
259,1.1,1,1,2,1,1,20,22.518,60.828,85.102,0.01502,0.008182,0.007938,0.34028,0.60238,0.7255,0.76312,0.18262,-0.61682,0.46902,-0.75796,0.45006
260,1.1,1,1,2,1,1,20,22.526,60.848,85.112,0.015018,0.008178,0.00794,0.34038,0.60258,0.72574,0.7628,0.18254,-0.61656,0.46904,-0.75798,0.45008
261,1.1,1,1,2,1,1,20,22.524,60.85,85.096,0.015016,0.008176,0.007942,0.34038,0.60258,0.72572,0.7629,0.18256,-0.61664,0.46896,-0.75786,0.45
262,1.1,1,1,2,1,1,20,22.52,60.802,85.108,0.015018,0.00818,0.00794,0.34048,0.60276,0.72594,0.7629,0.18256,-0.61662,0.46876,-0.75756,0.4498
263,1.1,1,1,2,1,1,20,22.514,60.836,85.084,0.015024,0.00818,0.007938,0.34034,0.60248,0.72562,0.7626,0.18248,-0.61638,0.46882,-0.75764,0.44984
264,1.1,1,1,2,1,1,20,22.506,60.84,85.108,0.015028,0.00818,0.007936,0.34026,0.60232,0.72544,0.76224,0.1824,-0.61608,0.46884,-0.75766,0.44986
265,1.1,1,1,2,1,1,20,22.508,60.86,85.116,0.015028,0.00818,0.007936,0.34028,0.60236,0.7255,0.76246,0.18244,-0.61626,0.46872,-0.75748,0.44976
266,1.1,1,1,2,1,1,20,22.498,60.852,85.064,0.015034,0.00818,0.007938,0.34014,0.60212,0.72524,0.7624,0.18242,-0.6162,0.46872,-0.7575,0.44976
267,1.1,1,1,2,1,1,20,22.492,60.86,85.108,0.015036,0.00818,0.007934,0.34008,0.60202,0.72514,0.76246,0.18242,-0.61624,0.46874,-0.75752,0.44978
268,1.1,1,1,2,1,1,20,22.496,60.888,85.106,0.015034,0.008178,0.007934,0.34012,0.60208,0.7252,0.7625,0.18242,-0.61626,0.4686,-0.75732,0.44964
269,1.1,1,1,2,1,1,20,22.484,60.89,85.13,0.015036,0.008178,0.007932,0.34012,0.60208,0.72522,0.76266,0.18246,-0.6164,0.46872,-0.7575,0.44974
270,1.1,1,1,2,1,1,20,22.478,60.892,85.192,0.015042,0.008178,0.00793,0.34006,0.60198,0.7251,0.76306,0.18256,-0.61672,0.46868,-0.75746,0.4497
271,1.1,1,1,2,1,1,20,22.47,60.894,85.208,0.015044,0.00818,0.00793,0.34016,0.60214,0.72528,0.7631,0.18256,-0.61676,0.4688,-0.75764,0.4498
272,1.1,1,1,2,1,1,20,22.474,60.886,85.182,0.015038,0.008184,0.007932,0.34018,0.60218,0.72532,0.76314,0.18258,-0.6168,0.46888,-0.75778,0.44988
273,1.1,1,1,2,1,1,20,22.484,60.888,85.17,0.015036,0.008182,0.007934,0.34012,0.60208,0.72522,0.76306,0.18256,-0.61674,0.46896,-0.7579,0.44996
274,1.1,1,1,2,1,1,20,22.486,60.87,85.136,0.015036,0.008184,0.00793600000000001,0.34002,0.60192,0.72504,0.76302,0.18254,-0.6167,0.46896,-0.75788,0.44996
275,1.1,1,1,2,1,1,20,22.48,60.884,85.172,0.015038,0.008182,0.00793400000000001,0.33994,0.60178,0.72486,0.76264,0.18246,-0.6164,0.46904,-0.75798,0.45002
276,1.1,1,1,2,1,1,20,22.49,60.9,85.178,0.015032,0.008182,0.00793000000000001,0.34004,0.60194,0.72506,0.763,0.18256,-0.61668,0.46894,-0.7578,0.44992
277,1.1,1,1,2,1,1,20,22.494,60.906,85.208,0.015032,0.00818,0.00793,0.34018,0.6022,0.72536,0.76284,0.18252,-0.61656,0.46896,-0.7578,0.44992
278,1.1,1,1,2,1,1,20,22.512,60.904,85.25,0.015032,0.00818,0.007926,0.34016,0.60218,0.72532,0.76288,0.18252,-0.61658,0.46922,-0.75822,0.45018
279,1.1,1,1,2,1,1,20,22.518,60.874,85.222,0.015028,0.008184,0.007928,0.34026,0.60236,0.72554,0.7631,0.18256,-0.61676,0.469,-0.75788,0.44998
280,1.1,1,1,2,1,1,20,22.518,60.874,85.21,0.015026,0.008182,0.007932,0.34028,0.6024,0.7256,0.76296,0.18254,-0.61666,0.46904,-0.75796,0.45002
281,1.1,1,1,2,1,1,20,22.516,60.834,85.178,0.015028,0.008188,0.007936,0.34034,0.60254,0.72578,0.76276,0.1825,-0.6165,0.46908,-0.758,0.45006
282,1.1,1,1,2,1,1,20,22.514,60.85,85.144,0.015026,0.00819,0.007938,0.34034,0.60256,0.7258,0.76264,0.18246,-0.6164,0.46896,-0.75778,0.44994
283,1.1,1,1,2,1,1,20,22.522,60.866,85.156,0.015026,0.008186,0.007938,0.34042,0.6027,0.72596,0.7632,0.18258,-0.61686,0.46872,-0.75738,0.4497
284,1.1,1,1,2,1,1,20,22.524,60.872,85.146,0.015026,0.008182,0.007938,0.34042,0.60272,0.72598,0.76348,0.18264,-0.61708,0.46864,-0.75726,0.44962
285,1.1,1,1,2,1,1,20,22.512,60.906,85.14,0.015032,0.008178,0.007938,0.34026,0.6024,0.7256,0.76348,0.18264,-0.61708,0.46876,-0.75746,0.44974
286,1.1,1,1,2,1,1,20,22.512,60.902,85.176,0.015032,0.00818,0.007936,0.34026,0.60242,0.72562,0.76334,0.1826,-0.61696,0.4689,-0.75768,0.44988
287,1.1,1,1,2,1,1,20,22.504,60.922,85.2,0.015034,0.00818,0.007934,0.3401,0.60214,0.72528,0.76338,0.1826,-0.61698,0.46896,-0.75778,0.44994
288,1.1,1,1,2,1,1,20,22.514,60.886,85.14,0.015032,0.008182,0.007938,0.3402,0.60232,0.72548,0.76356,0.18264,-0.61712,0.46892,-0.75774,0.44992
289,1.1,1,1,2,1,1,20,22.516,60.852,85.148,0.015032,0.008186,0.007938,0.34016,0.60226,0.7254,0.76368,0.18268,-0.61722,0.46892,-0.75776,0.44992
290,1.1,1,1,2,1,1,20,22.524,60.874,85.146,0.01503,0.008186,0.007938,0.3402,0.60232,0.72548,0.76398,0.18274,-0.61746,0.4688,-0.75758,0.4498
291,1.1,1,1,2,1,1,20,22.516,60.9,85.21,0.01504,0.008184,0.007936,0.34036,0.6026,0.72582,0.76396,0.18274,-0.61746,0.4689,-0.757760000000001,0.4499
292,1.1,1,1,2,1,1,20,22.526,60.874,85.232,0.015032,0.008184,0.007934,0.3403,0.6025,0.7257,0.76382,0.1827,-0.61736,0.4692,-0.758280000000001,0.4502
293,1.1,1,1,2,1,1,20,22.538,60.876,85.204,0.015026,0.008184,0.007936,0.3403,0.6025,0.7257,0.76396,0.18274,-0.61748,0.4693,-0.75844,0.4503
294,1.1,1,1,2,1,1,20,22.524,60.934,85.178,0.015032,0.008182,0.007936,0.34032,0.60252,0.72572,0.76392,0.18272,-0.61744,0.46938,-0.75856,0.45038
295,1.1,1,1,2,1,1,20,22.508,60.932,85.198,0.01504,0.00818,0.007936,0.34028,0.60244,0.72564,0.76396,0.18272,-0.61748,0.4696,-0.7589,0.45058
296,1.1,1,1,2,1,1,20,22.5,60.882,85.248,0.015046,0.008184,0.007934,0.34024,0.60238,0.72554,0.76416,0.18278,-0.61762,0.4697,-0.75906,0.45068
297,1.1,1,1,2,1,1,20,22.512,60.848,85.25,0.015042,0.008188,0.007932,0.3403,0.6025,0.72568,0.76398,0.18274,-0.61746,0.46958,-0.7589,0.45056
298,1.1,1,1,2,1,1,20,22.51,60.838,85.296,0.01504,0.008188,0.007928,0.34016,0.60226,0.72536,0.76442,0.18284,-0.6178,0.46988,-0.75938,0.45086
299,1.1,1,1,2,1,1,20,22.512,60.834,85.332,0.015044,0.008188,0.007928,0.34012,0.60222,0.72532,0.76446,0.18286,-0.61784,0.46972,-0.7591,0.4507
300,1.1,1,1,2,1,1,20,22.512,60.822,85.316,0.015044,0.00819,0.007928,0.34016,0.6023,0.7254,0.76476,0.18294,-0.61808,0.46968,-0.75904,0.45066
301,1.1,1,1,2,0.93,1,20,22.492,60.84,85.306,0.015028,0.008184,0.007922,0.34014,0.60226,0.72534,0.76488,0.18296,-0.61818,0.47002,-0.75958,0.45098
302,1.1,1,1,2,0.93,1,20,22.496,60.874,85.248,0.015002,0.008176,0.00792,0.34014,0.60226,0.72534,0.76488,0.18296,-0.61818,0.46998,-0.75954,0.45094
303,1.1,1,1,2,0.93,1,20,22.506,60.872,85.27,0.014984,0.008166,0.007916,0.33994,0.6019,0.7249,0.76468,0.1829,-0.61802,0.46992,-0.75944,0.45088
304,1.1,1,1,2,0.93,1,20,22.51,60.9,85.23,0.014968,0.00815599999999999,0.007912,0.33986,0.60176,0.72472,0.76454,0.18286,-0.6179,0.47002,-0.75958,0.45096
305,1.1,1,1,2,0.93,1,20,22.51,60.902,85.186,0.014946,0.00814199999999999,0.007912,0.33984,0.60172,0.72468,0.76442,0.18282,-0.6178,0.46996,-0.7595,0.4509
306,1.1,1,1,2,0.93,1,20,22.52,60.88,85.186,0.014924,0.00813599999999999,0.007908,0.33962,0.60134,0.72422,0.76446,0.18282,-0.61782,0.47004,-0.75964,0.45098
307,1.1,1,1,2,0.93,1,20,22.518,60.864,85.144,0.014902,0.00812799999999999,0.007904,0.33964,0.60142,0.7243,0.76394,0.1827,-0.6174,0.46994,-0.75946,0.45088
308,1.1,1,1,2,0.93,1,20,22.524,60.888,85.166,0.01488,0.00811799999999999,0.0079,0.33966,0.60146,0.72436,0.7641,0.18274,-0.61754,0.47,-0.75956,0.45094
309,1.1,1,1,2,0.93,1,20,22.524,60.858,85.168,0.014864,0.00810999999999999,0.007894,0.33972,0.60154,0.72446,0.76394,0.1827,-0.6174,0.46988,-0.75934,0.45082
310,1.1,1,1,2,0.93,1,20,22.516,60.854,85.188,0.014846,0.00810399999999999,0.007888,0.33962,0.60134,0.72422,0.76384,0.18268,-0.61732,0.47014,-0.75978,0.45108
311,1.1,1,1,2,0.93,1,20,22.52,60.842,85.182,0.014832,0.00809799999999999,0.007884,0.33964,0.60138,0.72426,0.76384,0.18268,-0.61734,0.4703,-0.76006,0.45124
312,1.1,1,1,2,0.93,1,20,22.516,60.884,85.16,0.01481,0.00808599999999999,0.00788,0.33958,0.60128,0.72412,0.76364,0.18262,-0.6172,0.47036,-0.76014,0.4513
313,1.1,1,1,2,0.93,1,20,22.526,60.878,85.18,0.014784,0.00807599999999999,0.007876,0.33956,0.60124,0.72408,0.76354,0.1826,-0.61712,0.47034,-0.76012,0.45128
314,1.1,1,1,2,0.93,1,20,22.544,60.846,85.192,0.014758,0.00806999999999999,0.007874,0.3396,0.60132,0.72416,0.76374,0.18264,-0.61728,0.47036,-0.76016,0.4513
315,1.1,1,1,2,0.93,1,20,22.546,60.806,85.138,0.014736,0.00806599999999999,0.007872,0.33944,0.60104,0.72382,0.76362,0.18262,-0.61718,0.47058,-0.76052,0.4515
316,1.1,1,1,2,0.93,1,20,22.548,60.808,85.198,0.014714,0.00805799999999999,0.00786199999999999,0.33952,0.6012,0.72398,0.76356,0.1826,-0.61714,0.47078,-0.76084,0.4517
317,1.1,1,1,2,0.93,1,20,22.556,60.784,85.204,0.014688,0.00804999999999999,0.007858,0.33942,0.60102,0.72374,0.7635,0.1826,-0.6171,0.47084,-0.76094,0.45176
318,1.1,1,1,2,0.93,1,20,22.556,60.79,85.148,0.014666,0.00804399999999999,0.00785399999999999,0.33926,0.60074,0.7234,0.7634,0.18258,-0.61702,0.4709,-0.76102,0.45182
319,1.1,1,1,2,0.93,1,20,22.556,60.804,85.09,0.014652,0.00803599999999999,0.00785199999999999,0.33912,0.60048,0.7231,0.76322,0.18254,-0.61686,0.47088,-0.76102,0.45182
320,1.1,1,1,2,0.93,1,20,22.558,60.786,85.028,0.014632,0.00802999999999999,0.00784799999999999,0.33912,0.60048,0.7231,0.76284,0.18244,-0.61656,0.47086,-0.76096,0.4518
321,1.1,1,1,2,0.93,1,20,22.554,60.778,85.01,0.01462,0.00802199999999999,0.00784199999999999,0.33908,0.60044,0.72306,0.76286,0.18246,-0.61658,0.47084,-0.76094,0.4518
322,1.1,1,1,2,0.93,1,20,22.55,60.798,85.024,0.014598,0.00801199999999999,0.00783399999999999,0.33904,0.60038,0.723,0.76286,0.18246,-0.61658,0.47088,-0.761,0.45184
323,1.1,1,1,2,0.93,1,20,22.552,60.788,84.98,0.01458,0.00800599999999999,0.007832,0.33924,0.60074,0.72342,0.76312,0.18252,-0.61678,0.47074,-0.76076,0.4517
324,1.1,1,1,2,0.93,1,20,22.544,60.82,84.992,0.014564,0.00799799999999999,0.00782799999999999,0.33928,0.6008,0.7235,0.76322,0.18254,-0.61686,0.4708,-0.76086,0.45176
325,1.1,1,1,2,0.93,1,20,22.54,60.826,84.91,0.014548,0.00799199999999999,0.00782599999999999,0.33944,0.6011,0.72386,0.76344,0.18258,-0.61704,0.47088,-0.761,0.45186
326,1.1,1,1,2,0.93,1,20,22.556,60.808,84.914,0.014528,0.00798399999999999,0.00782199999999999,0.33942,0.60106,0.72382,0.76346,0.18258,-0.61706,0.47094,-0.76112,0.45192
327,1.1,1,1,2,0.93,1,20,22.554,60.794,84.852,0.014506,0.007978,0.007818,0.33938,0.601,0.72374,0.76364,0.18262,-0.6172,0.47082,-0.76096,0.45182
328,1.1,1,1,2,0.93,1,20,22.538,60.788,84.772,0.01449,0.00797399999999999,0.007818,0.33932,0.60088,0.7236,0.76354,0.1826,-0.61712,0.4707,-0.76078,0.4517
329,1.1,1,1,2,0.93,1,20,22.516,60.8,84.802,0.01448,0.007964,0.00781199999999999,0.33916,0.60058,0.72324,0.76362,0.18262,-0.61718,0.47108,-0.76138,0.45206
330,1.1,1,1,2,0.93,1,20,22.518,60.796,84.792,0.014458,0.007958,0.00780399999999999,0.33906,0.6004,0.72304,0.7636,0.1826,-0.61716,0.471,-0.76124,0.45198
331,1.1,1,1,2,0.93,1,20,22.522,60.798,84.838,0.01444,0.007948,0.007794,0.33908,0.60042,0.72306,0.76372,0.18262,-0.61726,0.47106,-0.76134,0.45204
332,1.1,1,1,2,0.93,1,20,22.514,60.786,84.858,0.014424,0.007938,0.007786,0.33908,0.60042,0.72306,0.76404,0.1827,-0.61752,0.47106,-0.76136,0.45204
333,1.1,1,1,2,0.93,1,20,22.492,60.78,84.828,0.014412,0.00793399999999999,0.007784,0.339,0.6003,0.72292,0.76384,0.18266,-0.61736,0.47108,-0.7614,0.45206
334,1.1,1,1,2,0.93,1,20,22.496,60.774,84.818,0.014392,0.00793,0.00778,0.33906,0.60038,0.72302,0.76366,0.18262,-0.61722,0.47106,-0.76136,0.45204
335,1.1,1,1,2,0.93,1,20,22.512,60.736,84.824,0.014366,0.007926,0.007774,0.33914,0.60056,0.72324,0.76356,0.1826,-0.61714,0.47074,-0.76084,0.45172
336,1.1,1,1,2,0.93,1,20,22.522,60.728,84.852,0.014344,0.007918,0.007766,0.33916,0.6006,0.72328,0.7637,0.18264,-0.61726,0.47072,-0.76084,0.4517
337,1.1,1,1,2,0.93,1,20,22.532,60.722,84.798,0.014318,0.007914,0.007762,0.33918,0.60064,0.72334,0.76352,0.1826,-0.61712,0.47068,-0.76078,0.45166
338,1.1,1,1,2,0.93,1,20,22.528,60.744,84.826,0.0143,0.007906,0.007754,0.33918,0.60062,0.72332,0.76332,0.18256,-0.61696,0.47058,-0.76062,0.45156
339,1.1,1,1,2,0.93,1,20,22.518,60.77,84.826,0.014282,0.007898,0.007748,0.33928,0.60078,0.72352,0.76344,0.18258,-0.61706,0.47054,-0.76054,0.45152
340,1.1,1,1,2,0.93,1,20,22.504,60.734,84.86,0.01427,0.007894,0.00774,0.3393,0.60084,0.72358,0.76324,0.18254,-0.6169,0.47078,-0.76094,0.45176
341,1.1,1,1,2,0.93,1,20,22.494,60.72,84.792,0.014246,0.007888,0.007736,0.33918,0.60062,0.72332,0.7632,0.18254,-0.61688,0.4708,-0.76094,0.45176
342,1.1,1,1,2,0.93,1,20,22.47,60.754,84.83,0.014238,0.007876,0.00773,0.33934,0.6009,0.72368,0.76328,0.18256,-0.61694,0.4708,-0.76092,0.45176
343,1.1,1,1,2,0.93,1,20,22.458,60.752,84.846,0.014224,0.007872,0.007722,0.33916,0.60058,0.7233,0.7631,0.18252,-0.6168,0.47064,-0.76064,0.4516
344,1.1,1,1,2,0.93,1,20,22.442,60.704,84.892,0.014208,0.00787,0.007712,0.3391,0.60048,0.72318,0.76348,0.18262,-0.61712,0.47056,-0.7605,0.45152
345,1.1,1,1,2,0.93,1,20,22.46,60.706,84.838,0.014182,0.007866,0.00771,0.33904,0.60038,0.72304,0.76354,0.18264,-0.61716,0.47052,-0.76044,0.45148
346,1.1,1,1,2,0.93,1,20,22.472,60.746,84.766,0.014156,0.007856,0.007708,0.33908,0.60044,0.72314,0.7631,0.18254,-0.61682,0.47052,-0.76042,0.45148
347,1.1,1,1,2,0.93,1,20,22.456,60.806,84.71,0.01414,0.007846,0.007708,0.33898,0.60026,0.72292,0.76322,0.18256,-0.61694,0.47068,-0.76066,0.45164
348,1.1,1,1,2,0.93,1,20,22.444,60.812,84.696,0.014128,0.007836,0.007704,0.33916,0.60058,0.72332,0.76288,0.18248,-0.6167,0.47076,-0.7608,0.45172
349,1.1,1,1,2,0.93,1,20,22.436,60.81,84.642,0.014112,0.00783,0.0077,0.33918,0.6006,0.72334,0.76282,0.18246,-0.61664,0.47088,-0.761,0.45184
350,1.1,1,1,2,0.93,1,20,22.442,60.842,84.61,0.01409,0.00782,0.007696,0.33918,0.60058,0.72332,0.76286,0.18246,-0.61668,0.47106,-0.76128,0.452
351,1.1,1,1,2,0.93,1,20,22.462,60.836,84.654,0.014088,0.00782,0.007696,0.3393,0.60078,0.72356,0.76252,0.18238,-0.6164,0.47094,-0.7611,0.4519
352,1.1,1,1,2,0.93,1,20,22.466,60.816,84.64,0.014094,0.00782,0.007696,0.3392,0.60058,0.72334,0.76288,0.18248,-0.61668,0.47108,-0.76132,0.45204
353,1.1,1,1,2,0.93,1,20,22.47,60.844,84.654,0.014094,0.007822,0.007694,0.33916,0.60052,0.72326,0.76294,0.1825,-0.61672,0.47112,-0.7614,0.45208
354,1.1,1,1,2,0.93,1,20,22.46,60.828,84.682,0.014098,0.007824,0.007696,0.33928,0.60072,0.72352,0.76292,0.1825,-0.6167,0.47118,-0.76152,0.45214
355,1.1,1,1,2,0.93,1,20,22.468,60.81,84.692,0.014096,0.00783,0.007694,0.33926,0.6007,0.72348,0.76302,0.18252,-0.6168,0.47118,-0.7615,0.45214
356,1.1,1,1,2,0.93,1,20,22.46,60.838,84.726,0.014094,0.00783,0.007692,0.3394,0.60094,0.72376,0.7634,0.18262,-0.61712,0.47112,-0.7614,0.45208
357,1.1,1,1,2,0.93,1,20,22.464,60.81,84.694,0.01409,0.007836,0.007696,0.3394,0.60094,0.72376,0.76368,0.18268,-0.61734,0.47112,-0.76142,0.45208
358,1.1,1,1,2,0.93,1,20,22.448,60.786,84.692,0.014096,0.00783799999999999,0.007696,0.33932,0.6008,0.72356,0.76338,0.1826,-0.6171,0.47114,-0.76144,0.4521
359,1.1,1,1,2,0.93,1,20,22.444,60.776,84.744,0.014096,0.00783799999999999,0.007692,0.3394,0.60094,0.72372,0.76354,0.18264,-0.61722,0.47114,-0.76146,0.4521
360,1.1,1,1,2,0.93,1,20,22.45,60.772,84.698,0.014094,0.00783799999999999,0.007696,0.33944,0.60102,0.72384,0.76368,0.18266,-0.61734,0.47084,-0.76098,0.45182
361,1.1,1,1,2,0.93,1,20,22.438,60.774,84.692,0.014094,0.00783799999999999,0.007696,0.3394,0.60096,0.72378,0.76356,0.18264,-0.61722,0.47096,-0.76116,0.45192
362,1.1,1,1,2,0.93,1,20,22.446,60.744,84.734,0.014096,0.00784199999999999,0.007696,0.33942,0.601,0.72382,0.76376,0.1827,-0.61738,0.47098,-0.76118,0.45194
363,1.1,1,1,2,0.93,1,20,22.442,60.734,84.738,0.014096,0.007844,0.007694,0.33964,0.6014,0.7243,0.76396,0.18274,-0.61754,0.47096,-0.76112,0.45192
364,1.1,1,1,2,0.93,1,20,22.434,60.756,84.79,0.014094,0.007844,0.007688,0.33962,0.60136,0.72428,0.764,0.18276,-0.61756,0.47086,-0.76096,0.45182
365,1.1,1,1,2,0.93,1,20,22.442,60.772,84.816,0.014094,0.00784199999999999,0.007684,0.3398,0.60168,0.72466,0.76426,0.18282,-0.61778,0.4706,-0.76054,0.45156
366,1.1,1,1,2,0.93,1,20,22.446,60.786,84.766,0.014094,0.00783999999999999,0.007688,0.33984,0.60174,0.72474,0.76432,0.18284,-0.61782,0.47044,-0.76028,0.4514
367,1.1,1,1,2,0.93,1,20,22.448,60.762,84.726,0.014096,0.007844,0.007688,0.33992,0.60188,0.7249,0.76402,0.18276,-0.61758,0.47048,-0.76032,0.45144
368,1.1,1,1,2,0.93,1,20,22.44,60.758,84.764,0.014102,0.007844,0.007686,0.33994,0.60192,0.72496,0.76416,0.1828,-0.6177,0.47066,-0.76062,0.4516
369,1.1,1,1,2,0.93,1,20,22.442,60.776,84.806,0.0141,0.00784,0.007682,0.33998,0.602,0.72504,0.76418,0.1828,-0.61772,0.47066,-0.7606,0.45158
370,1.1,1,1,2,0.93,1,20,22.454,60.77,84.876,0.014096,0.007838,0.007678,0.33996,0.60196,0.725,0.7642,0.1828,-0.61774,0.47076,-0.76076,0.45168
371,1.1,1,1,2,0.93,1,20,22.45,60.766,84.894,0.014094,0.00784,0.007676,0.3398,0.60166,0.72466,0.76416,0.18278,-0.6177,0.47078,-0.76078,0.4517
372,1.1,1,1,2,0.93,1,20,22.448,60.78,84.882,0.014096,0.007842,0.007676,0.33992,0.60186,0.7249,0.7641,0.18276,-0.61764,0.47068,-0.76062,0.4516
373,1.1,1,1,2,0.93,1,20,22.442,60.774,84.906,0.014094,0.00784,0.007674,0.3398,0.60164,0.72462,0.76396,0.18272,-0.61752,0.47072,-0.7607,0.45164
374,1.1,1,1,2,0.93,1,20,22.454,60.73,84.936,0.014094,0.00784,0.00767,0.33976,0.60156,0.72452,0.76388,0.1827,-0.61746,0.47072,-0.76072,0.45164
375,1.1,1,1,2,0.93,1,20,22.464,60.732,84.968,0.014092,0.00784,0.007668,0.33972,0.60148,0.72442,0.76404,0.18274,-0.6176,0.47066,-0.76064,0.45158
376,1.1,1,1,2,0.93,1,20,22.44,60.726,84.948,0.014096,0.007842,0.007668,0.3397,0.60146,0.7244,0.76406,0.18274,-0.61762,0.47056,-0.76046,0.45148
377,1.1,1,1,2,0.93,1,20,22.436,60.752,84.95,0.014104,0.007842,0.007668,0.33976,0.60154,0.7245,0.7641,0.18276,-0.61766,0.47066,-0.76062,0.45158
378,1.1,1,1,2,0.93,1,20,22.434,60.738,85.02,0.014108,0.007838,0.007664,0.3397,0.60144,0.72438,0.76434,0.18282,-0.61788,0.47066,-0.76058,0.45158
379,1.1,1,1,2,0.93,1,20,22.432,60.744,84.988,0.014106,0.007836,0.007664,0.33976,0.60156,0.72452,0.76454,0.18286,-0.61804,0.47064,-0.76054,0.45156
380,1.1,1,1,2,0.93,1,20,22.44,60.756,84.964,0.014106,0.007838,0.007668,0.33976,0.60156,0.7245,0.76462,0.18288,-0.6181,0.47066,-0.76058,0.45158
381,1.1,1,1,2,0.93,1,20,22.436,60.756,84.936,0.014102,0.00784,0.007668,0.33978,0.60158,0.72452,0.76462,0.18288,-0.6181,0.47064,-0.76054,0.45156
382,1.1,1,1,2,0.93,1,20,22.446,60.774,84.956,0.0141,0.007842,0.007668,0.33966,0.60136,0.72426,0.76454,0.18286,-0.61804,0.47064,-0.76054,0.45156
383,1.1,1,1,2,0.93,1,20,22.454,60.792,84.976,0.014098,0.00784,0.007664,0.33972,0.60144,0.72436,0.76442,0.18284,-0.61794,0.47064,-0.76054,0.45156
384,1.1,1,1,2,0.93,1,20,22.444,60.766,84.972,0.014098,0.00784,0.007666,0.33964,0.60132,0.72422,0.7646,0.18288,-0.61808,0.47078,-0.76076,0.45168
385,1.1,1,1,2,0.93,1,20,22.428,60.76,84.968,0.014102,0.00784,0.007664,0.33958,0.6012,0.72406,0.7647,0.1829,-0.61816,0.47082,-0.76084,0.45174
386,1.1,1,1,2,0.93,1,20,22.422,60.724,84.942,0.014106,0.007842,0.007666,0.33966,0.60132,0.72422,0.7648,0.18292,-0.61826,0.47062,-0.7605,0.45154
387,1.1,1,1,2,0.93,1,20,22.412,60.692,84.964,0.01411,0.007844,0.007666,0.33976,0.60148,0.72442,0.76462,0.18288,-0.61812,0.4707,-0.76062,0.45162
388,1.1,1,1,2,0.93,1,20,22.404,60.684,84.988,0.014118,0.007844,0.007664,0.3398,0.60156,0.72452,0.76494,0.18296,-0.61838,0.47072,-0.76064,0.45164
389,1.1,1,1,2,0.93,1,20,22.408,60.66,84.998,0.014118,0.007846,0.007666,0.33974,0.60144,0.72438,0.7651,0.183,-0.6185,0.47078,-0.76074,0.4517
390,1.1,1,1,2,0.93,1,20,22.418,60.676,84.944,0.014112,0.007844,0.007666,0.33968,0.60134,0.72426,0.76532,0.18306,-0.61868,0.47058,-0.76042,0.4515
391,1.1,1,1,2,0.93,1,20,22.428,60.66,84.954,0.014108,0.007846,0.007668,0.33958,0.60118,0.72406,0.76518,0.18302,-0.61854,0.4706,-0.76048,0.45154
392,1.1,1,1,2,0.93,1,20,22.444,60.678,84.894,0.0141,0.007846,0.007668,0.33956,0.60116,0.72402,0.7653,0.18306,-0.61864,0.47036,-0.7601,0.45132
393,1.1,1,1,2,0.93,1,20,22.458,60.678,84.908,0.014098,0.007842,0.00767,0.33958,0.6012,0.72406,0.76558,0.18312,-0.61886,0.4703,-0.76004,0.45128
394,1.1,1,1,2,0.93,1,20,22.47,60.71,84.94,0.014096,0.007838,0.00767,0.33946,0.60098,0.7238,0.76532,0.18306,-0.61864,0.4704,-0.76022,0.45138
395,1.1,1,1,2,0.93,1,20,22.462,60.69,84.992,0.014098,0.007836,0.007668,0.3395,0.60104,0.72386,0.7654,0.18308,-0.61872,0.47038,-0.76018,0.45136
396,1.1,1,1,2,0.93,1,20,22.456,60.692,85.04,0.014102,0.007838,0.007666,0.3394,0.60088,0.72366,0.76596,0.1832,-0.61918,0.47034,-0.76012,0.45132
397,1.1,1,1,2,0.93,1,20,22.466,60.68,85.064,0.014096,0.00784,0.007666,0.33936,0.60084,0.7236,0.76612,0.18324,-0.6193,0.47036,-0.76016,0.45134
398,1.1,1,1,2,0.93,1,20,22.476,60.646,85.036,0.01409,0.007844,0.007668,0.3391,0.60038,0.72306,0.76634,0.1833,-0.61946,0.47008,-0.7597,0.45106
399,1.1,1,1,2,0.93,1,20,22.478,60.65,85.054,0.014086,0.007844,0.007668,0.3391,0.60038,0.72306,0.76606,0.18324,-0.61924,0.47,-0.75958,0.45098
400,1.1,1,1,2,0.93,1,20,22.47,60.642,85.054,0.014088,0.007846,0.007668,0.33906,0.60032,0.72298,0.76576,0.18318,-0.619,0.46984,-0.75932,0.45084
401,1.1,1,1,2,0.93,1,20,22.466,60.632,84.986,0.014088,0.007848,0.00767,0.33878,0.59982,0.72238,0.76572,0.18318,-0.61898,0.46992,-0.75946,0.45092
402,1.1,1,1,2,0.93,1,20,22.442,60.656,84.98,0.014096,0.007844,0.00767,0.33882,0.5999,0.72246,0.7654,0.1831,-0.61874,0.46988,-0.75936,0.45086
403,1.1,1,1,2,0.93,1,20,22.436,60.638,84.942,0.014096,0.007842,0.00767,0.33914,0.6005,0.72318,0.7653,0.18308,-0.61868,0.47014,-0.75976,0.4511
404,1.1,1,1,2,0.93,1,20,22.44,60.642,84.948,0.014094,0.007842,0.007666,0.33904,0.60034,0.72298,0.7654,0.1831,-0.61878,0.47002,-0.75956,0.45098
405,1.1,1,1,2,0.93,1,20,22.428,60.622,84.964,0.0141,0.00784,0.007664,0.33924,0.6007,0.72342,0.76502,0.18302,-0.61846,0.47,-0.75952,0.45096
406,1.1,1,1,2,0.93,1,20,22.434,60.596,84.926,0.014104,0.00784,0.007666,0.33916,0.60056,0.72326,0.7648,0.18296,-0.61828,0.47014,-0.75976,0.4511
407,1.1,1,1,2,0.93,1,20,22.444,60.638,84.996,0.014104,0.007836,0.007662,0.33904,0.6003,0.72298,0.76502,0.18302,-0.61846,0.47014,-0.75974,0.4511
408,1.1,1,1,2,0.93,1,20,22.46,60.656,85.062,0.014098,0.007836,0.007658,0.33898,0.60018,0.72286,0.76522,0.18308,-0.61862,0.47022,-0.75988,0.45118
409,1.1,1,1,2,0.93,1,20,22.468,60.664,84.992,0.014092,0.007834,0.007664,0.33898,0.60018,0.72286,0.765,0.18302,-0.61846,0.47022,-0.75986,0.45118
410,1.1,1,1,2,0.93,1,20,22.472,60.616,85.07,0.014088,0.007836,0.00766,0.33884,0.59994,0.72256,0.76496,0.18302,-0.61842,0.47038,-0.7601,0.45132
411,1.1,1,1,2,0.93,1,20,22.49,60.576,85.118,0.014082,0.007836,0.007656,0.33892,0.60008,0.72272,0.76474,0.18296,-0.61826,0.47018,-0.75976,0.45114
412,1.1,1,1,2,0.93,1,20,22.496,60.604,85.078,0.01408,0.007832,0.007656,0.33888,0.6,0.72264,0.76468,0.18294,-0.6182,0.47014,-0.7597,0.4511
413,1.1,1,1,2,0.93,1,20,22.492,60.612,85.118,0.01408,0.00783,0.007654,0.3388,0.59986,0.72246,0.76494,0.183,-0.6184,0.47004,-0.75958,0.45102
414,1.1,1,1,2,0.93,1,20,22.496,60.624,85.106,0.014088,0.00783,0.007658,0.33882,0.59992,0.72252,0.765,0.18302,-0.61846,0.47022,-0.75988,0.4512
415,1.1,1,1,2,0.93,1,20,22.486,60.628,85.124,0.014092,0.007832,0.007658,0.33878,0.59986,0.72246,0.7649,0.183,-0.61838,0.47044,-0.76022,0.45142
416,1.1,1,1,2,0.93,1,20,22.494,60.626,85.128,0.014086,0.007834,0.007658,0.3387,0.59972,0.7223,0.76476,0.18298,-0.61828,0.47076,-0.76074,0.45174
417,1.1,1,1,2,0.93,1,20,22.486,60.672,85.124,0.01409,0.007832,0.007658,0.33872,0.59976,0.72236,0.76482,0.183,-0.61832,0.47072,-0.76068,0.4517
418,1.1,1,1,2,0.93,1,20,22.494,60.656,85.128,0.014084,0.007832,0.00766,0.33892,0.6001,0.72278,0.76468,0.18296,-0.61822,0.47052,-0.76036,0.45152
419,1.1,1,1,2,0.93,1,20,22.49,60.628,85.11,0.014082,0.007838,0.007662,0.339,0.60026,0.72298,0.76482,0.183,-0.61834,0.47026,-0.75994,0.45128
420,1.1,1,1,2,0.93,1,20,22.472,60.674,85.092,0.014086,0.007838,0.007664,0.33904,0.60032,0.72306,0.76472,0.18298,-0.61826,0.47026,-0.75994,0.45128
421,1.1,1,1,2,0.93,1,20,22.484,60.66,85.118,0.014082,0.007836,0.007664,0.3391,0.60044,0.72318,0.76522,0.1831,-0.61866,0.47026,-0.75998,0.45128
422,1.1,1,1,2,0.93,1,20,22.48,60.656,85.106,0.014086,0.007834,0.007668,0.33914,0.60052,0.72328,0.76534,0.18312,-0.61876,0.4703,-0.76004,0.45132
423,1.1,1,1,2,0.93,1,20,22.49,60.684,85.102,0.01408,0.007834,0.00767,0.33902,0.60032,0.72306,0.76518,0.18308,-0.61864,0.47026,-0.75996,0.45128
424,1.1,1,1,2,0.93,1,20,22.486,60.736,85.052,0.014082,0.007832,0.007676,0.33906,0.6004,0.72316,0.76534,0.18312,-0.61878,0.47026,-0.75994,0.45128
425,1.1,1,1,2,0.93,1,20,22.48,60.712,85.046,0.014076,0.007832,0.007676,0.33906,0.6004,0.72318,0.76524,0.1831,-0.6187,0.47016,-0.75976,0.45118
426,1.1,1,1,2,0.93,1,20,22.488,60.7,85.056,0.014074,0.007832,0.007678,0.33902,0.60034,0.72308,0.7654,0.18314,-0.61882,0.47026,-0.75992,0.45128
427,1.1,1,1,2,0.93,1,20,22.498,60.692,85.042,0.014066,0.007832,0.00768,0.33894,0.6002,0.72292,0.76536,0.18312,-0.61878,0.4701,-0.75966,0.45114
428,1.1,1,1,2,0.93,1,20,22.508,60.732,85.014,0.014056,0.007832,0.00768,0.33896,0.60022,0.72294,0.76516,0.18308,-0.6186,0.4701,-0.75966,0.45114
429,1.1,1,1,2,0.93,1,20,22.514,60.738,85.056,0.014056,0.00783399999999999,0.00768,0.339,0.6003,0.72304,0.76518,0.1831,-0.61862,0.47008,-0.75964,0.45112
430,1.1,1,1,2,0.93,1,20,22.518,60.746,85.066,0.014058,0.00783399999999999,0.007678,0.33892,0.60014,0.72284,0.7651,0.18308,-0.61854,0.47024,-0.75988,0.45126
431,1.1,1,1,2,0.93,1,20,22.516,60.774,85.022,0.01406,0.007832,0.00768,0.33886,0.60006,0.72276,0.76488,0.18304,-0.61836,0.46998,-0.75946,0.451
432,1.1,1,1,2,0.93,1,20,22.518,60.736,84.966,0.014058,0.007832,0.00768,0.33902,0.60036,0.72312,0.76494,0.18306,-0.6184,0.47014,-0.75972,0.45116
433,1.1,1,1,2,0.93,1,20,22.52,60.732,84.906,0.014054,0.007834,0.007684,0.33884,0.60004,0.72272,0.76476,0.183,-0.61824,0.47016,-0.75974,0.45118
434,1.1,1,1,2,0.93,1,20,22.538,60.748,84.926,0.014052,0.007836,0.00768,0.33878,0.59992,0.72256,0.76442,0.18292,-0.61796,0.46994,-0.7594,0.45098
435,1.1,1,1,2,0.93,1,20,22.534,60.798,84.912,0.014054,0.00783,0.007684,0.33906,0.6004,0.72314,0.76454,0.18294,-0.61806,0.46994,-0.75936,0.45096
436,1.1,1,1,2,0.93,1,20,22.524,60.812,84.882,0.014052,0.00783,0.007686,0.33888,0.6001,0.72278,0.76438,0.1829,-0.61792,0.47006,-0.75954,0.45108
437,1.1,1,1,2,0.93,1,20,22.52,60.828,84.916,0.014054,0.00782599999999999,0.007684,0.33904,0.6004,0.72312,0.76448,0.18292,-0.618,0.47012,-0.75964,0.45114
438,1.1,1,1,2,0.93,1,20,22.518,60.862,84.906,0.01405,0.007824,0.007684,0.3391,0.6005,0.72324,0.76442,0.1829,-0.61796,0.47002,-0.75948,0.45104
439,1.1,1,1,2,0.93,1,20,22.512,60.86,84.97,0.014052,0.007822,0.007678,0.33922,0.60072,0.72352,0.76398,0.1828,-0.61762,0.46992,-0.75932,0.45094
440,1.1,1,1,2,0.93,1,20,22.502,60.886,85.006,0.014052,0.00782,0.00768,0.3393,0.60086,0.72368,0.76372,0.18272,-0.6174,0.46996,-0.75938,0.45098
441,1.1,1,1,2,0.93,1,20,22.508,60.9,85.06,0.014054,0.00782,0.007678,0.33932,0.60088,0.7237,0.76412,0.18282,-0.61774,0.46978,-0.75906,0.4508
442,1.1,1,1,2,0.93,1,20,22.508,60.86,85.052,0.014056,0.007824,0.00768,0.33922,0.60068,0.72346,0.76388,0.18276,-0.61756,0.46994,-0.7593,0.45094
443,1.1,1,1,2,0.93,1,20,22.508,60.878,85.028,0.01405,0.007826,0.007678,0.33926,0.60076,0.72356,0.76388,0.18276,-0.61756,0.47008,-0.75952,0.45106
444,1.1,1,1,2,0.93,1,20,22.512,60.848,84.962,0.014046,0.007826,0.007682,0.33936,0.60092,0.72376,0.7637,0.18272,-0.61742,0.47016,-0.75966,0.45114
445,1.1,1,1,2,0.93,1,20,22.514,60.858,84.928,0.014046,0.007826,0.007682,0.33952,0.6012,0.7241,0.76334,0.18262,-0.61712,0.47002,-0.75944,0.451
446,1.1,1,1,2,0.93,1,20,22.502,60.84,84.95,0.014048,0.007828,0.007678,0.33942,0.601,0.72386,0.76326,0.1826,-0.61704,0.47022,-0.75978,0.4512
447,1.1,1,1,2,0.93,1,20,22.494,60.822,84.946,0.014054,0.007828,0.007678,0.33944,0.60104,0.72392,0.76294,0.18252,-0.61678,0.47016,-0.75966,0.45112
448,1.1,1,1,2,0.93,1,20,22.474,60.828,84.994,0.014064,0.007826,0.007678,0.33964,0.60136,0.7243,0.7629,0.1825,-0.61674,0.4703,-0.75988,0.45126
449,1.1,1,1,2,0.93,1,20,22.482,60.82,85.034,0.014064,0.007828,0.007676,0.3397,0.60148,0.724439999999999,0.76302,0.18252,-0.61684,0.4704,-0.76004,0.45136
450,1.1,1,1,2,0.93,1,20,22.472,60.814,85.068,0.014068,0.007828,0.007674,0.33964,0.60138,0.72432,0.76318,0.18254,-0.61696,0.47048,-0.76016,0.45142
