m2,m3,m4,k,alpha,beta,Tem,omega_1,omega_2,omega_3,D_1,D_2,D_3,EVnorm1_1,EVnorm1_2,EVnorm1_3,EVnorm2_1,EVnorm2_2,EVnorm2_3,EVnorm3_1,EVnorm3_2,EVnorm3_3
1,1,1,2,1,1,20,22.6,62.2,85.9,0.015,0.0081,0.0079,0.336,0.601,0.725,0.756,0.222,-0.616,0.523,-0.74,0.424
0.995942119586828,0.802102781445832,0.904574619139625,1.87406412649782,0.805382070679153,1.08033041922168,39.4465537095304,22.9,61.1,87.9,0.0122,0.0074,0.0076,0.34,0.598,0.725,0.774,0.175,-0.608,0.435,-0.787,0.439
0.968229817796936,1.12439565332689,1.19596639363739,1.94655120501545,1.18486931399854,0.974097277480475,-5.47906616032777,21.2,60.1,82.3,0.0185,0.0091,0.0085,0.33,0.599,0.73,0.735,0.315,-0.6,0.628,-0.7,0.342
0.88097097407595,1.10238736546568,1.17772510233616,2.28838354630728,0.962682459027043,1.18055493973565,12.8471092270606,23.1,66.4,90.7,0.0144,0.0085,0.0087,0.328,0.599,0.731,0.721,0.345,-0.601,0.669,-0.673,0.316
1.08291125009411,0.996263228713349,0.946262474503121,2.09102832864323,1.06137933472236,0.885592548933591,19.1096689947394,23.3,62.9,87.6,0.0153,0.0081,0.0077,0.341,0.602,0.722,0.762,0.166,-0.626,0.462,-0.751,0.471
1.18252227890397,1.15350103397681,1.18853214237191,2.10544496921959,0.962366487849816,0.97751955884748,-19.5237387635836,21.9,60,83.1,0.0148,0.008,0.0077,0.336,0.6,0.727,0.76,0.232,-0.607,0.52,-0.749,0.41
0.933932870214492,1.10781846793311,1.05844272886342,1.95841789596202,1.17610909038845,1.19143664139607,14.4526611565227,21.8,61.8,83.6,0.0182,0.0096,0.0094,0.333,0.602,0.726,0.731,0.278,-0.623,0.614,-0.691,0.381
0.976675538123861,1.11906253177636,0.848197511071442,2.26188892464045,1.09851496228437,1.03472889052463,1.20908385521415,24.5,68.3,90.8,0.0153,0.0086,0.0085,0.341,0.608,0.717,0.738,0.164,-0.655,0.522,-0.686,0.507
1.03403501259939,1.02995027843969,0.882588487427038,1.64568326115579,0.891813474187089,1.19560685484468,36.4472158262254,20.8,56.8,77.7,0.0147,0.0083,0.0082,0.341,0.605,0.719,0.753,0.156,-0.639,0.477,-0.726,0.496
0.817195444454405,1.01695923640152,0.905878034202079,2.00729285052005,1.03284447753308,0.818233543040965,41.3069687320863,23.1,65.8,88.2,0.0149,0.0076,0.0073,0.334,0.604,0.723,0.723,0.262,-0.639,0.618,-0.676,0.401
0.993580155924991,0.877684249648614,1.19253391893474,2.32210603277506,1.0511244788094,0.947583884284359,44.9850468315711,23.7,65.3,93.9,0.015,0.0081,0.008,0.33,0.593,0.735,0.777,0.291,-0.558,0.52,-0.784,0.339
1.1594039865019,0.820822042032427,0.835243702700927,1.79089583721114,0.933754287707562,1.141715474473,-18.9447003196929,22.7,58.7,86,0.0142,0.0083,0.0083,0.348,0.601,0.719,0.769,0.082,-0.634,0.353,-0.787,0.507
0.903385487679168,1.08850255456479,0.835401412821404,2.2896041259735,0.866663408212294,0.980627272437334,-0.135656499718078,24.9,70.2,92.9,0.0121,0.0073,0.0075,0.339,0.608,0.718,0.73,0.189,-0.656,0.556,-0.676,0.483
1.019094218138,1.18857578661026,0.859517129711167,2.29465452177173,0.995368216882955,1.0363624816731,-19.7627890756978,24.4,68.2,90.1,0.014,0.0081,0.0081,0.341,0.61,0.715,0.736,0.154,-0.659,0.518,-0.677,0.523
0.994222466930497,1.09257899253683,1.01478858128951,2.38921018260584,1.00062078772196,0.819889639013141,-12.2676186485759,24.4,68.2,92.5,0.0138,0.0074,0.0072,0.336,0.603,0.724,0.743,0.234,-0.627,0.56,-0.713,0.422
0.988586898321779,0.86604876689285,0.982207996636155,2.09349690380933,0.845993267542394,0.833028315889797,-18.6693072023035,23.8,64.6,91.7,0.0121,0.0068,0.0067,0.337,0.598,0.727,0.771,0.214,-0.6,0.479,-0.775,0.413
0.834890327533603,0.965650166178962,0.97681000199289,2.28497222324613,0.896213236466633,1.13734038840424,6.23883706511585,24.6,69.6,95,0.0128,0.008,0.0084,0.332,0.601,0.727,0.736,0.283,-0.615,0.606,-0.702,0.374
0.807605622404731,1.0984462631937,0.86577547862684,1.61596109606932,1.03413682862324,1.11963887273044,27.7122789893427,20.7,59.6,78.5,0.0168,0.0088,0.0085,0.335,0.608,0.72,0.707,0.251,-0.661,0.64,-0.645,0.419
0.91924618682681,1.01403383911962,0.869882662026866,2.02580653799604,0.884860495060426,1.07375637195085,7.17125676835984,23.5,65.3,88.2,0.0131,0.0077,0.0079,0.338,0.605,0.721,0.742,0.197,-0.641,0.536,-0.706,0.463
0.891838092064629,1.03005328888731,0.85230855827369,1.82788585443113,0.830559913551905,0.955737128488251,40.933481394669,22.2,62.3,83.4,0.0128,0.0072,0.0071,0.338,0.606,0.72,0.736,0.201,-0.646,0.552,-0.692,0.464
1.04469238286654,0.94670149259241,1.0580598961984,2.09365372253832,0.935074676083038,0.866219024911442,46.1483398228678,22.8,62.2,87.7,0.0138,0.0074,0.0071,0.336,0.598,0.728,0.768,0.226,-0.599,0.494,-0.769,0.406
1.00398431390239,1.18148537769724,0.987961754524527,2.34632091781388,1.116686931871,0.997710386113798,-19.0429637638867,24.1,67.7,90.3,0.0157,0.0085,0.0084,0.337,0.606,0.721,0.732,0.222,-0.644,0.574,-0.688,0.444
0.896086026520618,0.975152408928968,1.15519130927905,2.33057548554406,1.0494624741513,0.987685046566659,37.6905378536427,23.7,67,93.4,0.015,0.0082,0.0081,0.329,0.596,0.733,0.747,0.324,-0.58,0.608,-0.723,0.329
0.945057978411657,1.0667023300415,0.939316796862197,1.69901516271321,0.986571275279028,0.816027398552728,18.2705172074936,20.9,58.6,78.9,0.0156,0.0077,0.0071,0.337,0.604,0.722,0.739,0.221,-0.637,0.56,-0.702,0.44
1.18512362358755,0.873837089005616,0.816809209179118,1.95651361245717,0.958296591101264,1.1880704978877,26.8545766333462,23.4,60.6,87.9,0.0142,0.0085,0.0086,0.35,0.603,0.717,0.764,0.065,-0.642,0.35,-0.77,0.534
1.09206933428876,0.843861738439051,0.997986637218848,2.34034240443303,1.06885487958099,0.969344960424547,2.31802538172264,25,66.2,96.2,0.0146,0.0083,0.0081,0.34,0.597,0.727,0.779,0.18,-0.6,0.425,-0.799,0.425
1.19671298827471,1.10176268248577,0.930223246323799,1.90255343694196,1.02736749745174,1.09294238675405,8.69656357977956,21.9,58.7,81.1,0.0159,0.0087,0.0084,0.344,0.605,0.718,0.759,0.119,-0.64,0.43,-0.736,0.523
1.04546094561973,1.18880360317827,1.14246356632399,1.90791339731614,0.90925022886973,1.13378489514798,14.4571714058888,20.9,58.7,79.5,0.0148,0.0082,0.0081,0.333,0.602,0.726,0.738,0.268,-0.62,0.594,-0.704,0.39
0.988297938411796,0.858095046008562,0.840116044842764,1.84236828580585,1.19338172810499,0.831075397282029,-1.62352818964227,23,61.8,87.1,0.0172,0.0086,0.0079,0.342,0.602,0.721,0.765,0.149,-0.627,0.438,-0.76,0.479
0.945134667611797,1.05733703638269,0.838539296932266,1.61974750102458,0.924671458316724,1.18168238198252,43.3708906855288,20.8,58,77.6,0.0151,0.0084,0.0083,0.34,0.607,0.718,0.741,0.171,-0.65,0.52,-0.695,0.496
1.09135868520375,1.06228625023402,1.04648610086621,1.7708913187528,1.08309520958337,0.874995703456754,42.5660645487886,20.7,56.6,78.3,0.0173,0.0085,0.0078,0.338,0.601,0.724,0.759,0.207,-0.618,0.505,-0.745,0.435
0.823244227485495,0.929212576175485,1.14139844367341,1.6972521604123,1.10001814400838,0.989067057751627,1.17813159728371,20.6,58.8,82.1,0.0177,0.0088,0.0083,0.327,0.595,0.734,0.742,0.348,-0.573,0.632,-0.711,0.308
1.04092886546432,0.88495673878296,1.07831805781863,1.83681735754342,0.876714615127457,0.929265866625989,45.3354433803449,21.5,58.2,83.4,0.0138,0.0074,0.0072,0.335,0.596,0.73,0.776,0.233,-0.586,0.479,-0.787,0.389
1.06704743936731,1.10055999950072,1.18911833716618,1.94232796964541,0.921053425707462,1.14184903295853,7.7945270425163,21.2,58.8,81.3,0.0148,0.0083,0.0082,0.333,0.598,0.729,0.754,0.273,-0.598,0.562,-0.737,0.375
1.09374792974261,1.05643661295831,1.14609458526479,1.91256188179987,1.19746673324549,0.925923299833329,-17.1744390655254,21.4,58.7,81.8,0.0185,0.0091,0.0084,0.334,0.598,0.728,0.762,0.245,-0.599,0.525,-0.754,0.395
0.938331045973441,1.13205398708905,1.12876506986454,1.86216355096142,1.16666591097615,1.05169907224452,-14.9722376172964,21.1,59.8,81.2,0.0184,0.0093,0.0088,0.331,0.601,0.728,0.728,0.304,-0.615,0.635,-0.686,0.355
1.07148299203624,0.943755529312027,0.861399449748951,1.63970020998044,1.12558757450953,1.15497387075371,-19.158094567707,21.3,57.1,79.9,0.0178,0.0095,0.009,0.344,0.604,0.719,0.762,0.129,-0.634,0.427,-0.751,0.504
0.899906590205939,0.821371325541187,0.940720012635768,1.89902840759505,1.08006569099913,0.97658523440146,41.5346015702961,22.9,62.6,88.6,0.0159,0.0085,0.0081,0.336,0.598,0.728,0.767,0.231,-0.598,0.501,-0.767,0.402
0.881373260218522,0.842421246848644,0.894110366795059,2.08838952257155,1.03832417469093,1.01400846799945,25.6408030529766,24.3,66.7,93.2,0.0146,0.0083,0.0082,0.337,0.6,0.726,0.761,0.219,-0.611,0.508,-0.752,0.42
1.10347136932121,0.922348845410569,0.917675953869464,2.0148022228947,1.08811225568256,1.16455740011887,2.66654484906948,23.3,62,87.9,0.016,0.0091,0.009,0.343,0.601,0.722,0.768,0.143,-0.624,0.424,-0.77,0.478
0.890012800378442,0.846448697986184,0.929665952150023,1.63250820888679,0.9319083815627,0.843466435720515,20.9513987775605,21.3,58.5,82.1,0.0146,0.0075,0.007,0.336,0.599,0.727,0.762,0.232,-0.604,0.514,-0.756,0.407
1.15443303222561,1.15942518856498,1.0141669683942,2.20413349327429,0.966688848783326,0.80965109254976,-5.98803837191559,23.1,63.1,86.1,0.014,0.0074,0.007,0.34,0.604,0.721,0.753,0.173,-0.634,0.491,-0.728,0.478
0.890638575935035,1.02326709848724,0.83085536289276,1.93586448359934,1.03105647662253,1.13641015306488,27.2045165565711,23,64.5,86.3,0.0153,0.0087,0.0086,0.339,0.607,0.719,0.737,0.191,-0.648,0.543,-0.692,0.476
1.12445990141768,0.830341434710534,1.0284211307738,1.68472455595569,1.08619580807714,0.927045906848073,28.2010212015569,21,55.3,81.1,0.0172,0.0087,0.008,0.34,0.596,0.728,0.784,0.181,-0.595,0.413,-0.81,0.416
1.15062313972429,0.801282820484485,0.971774964722054,1.87114845051276,1.11428641073598,1.10844817437081,26.0914480595681,22.4,58.4,86.5,0.0168,0.0092,0.0088,0.343,0.596,0.726,0.782,0.148,-0.605,0.383,-0.814,0.437
0.956253584321838,0.895179055567148,0.849052421412223,1.7675413872413,1.04889007888279,1.03694648893582,47.6585029398613,22.2,60.3,83.9,0.0159,0.0086,0.0083,0.341,0.603,0.722,0.76,0.167,-0.628,0.469,-0.746,0.473
1.00593616234463,1.17644388095464,0.892380667782328,2.04729433894259,0.833600877152674,1.12980519907825,-7.71944531307614,22.9,64.1,84.9,0.0127,0.0077,0.0079,0.34,0.608,0.717,0.735,0.176,-0.655,0.537,-0.682,0.497
1.02541020569909,1.12539928424979,1.17960978455282,2.11966436344231,0.879453984241315,0.832994523595492,5.6630772752133,22.1,62,85.1,0.0134,0.007,0.0068,0.332,0.599,0.729,0.744,0.287,-0.603,0.592,-0.718,0.367
1.19374742811454,0.912085999302385,0.891003167488386,1.70873417414736,1.16067726242962,0.972352660035473,19.2770296599426,21.4,56,80.6,0.018,0.0092,0.0084,0.347,0.602,0.72,0.768,0.099,-0.633,0.376,-0.776,0.506
0.805757136660995,0.990978915151514,1.13361705967948,1.64628709994621,0.928184444463903,0.954325426834398,30.874898726111,20.1,57.7,79.6,0.0154,0.0078,0.0074,0.327,0.597,0.733,0.726,0.357,-0.588,0.666,-0.681,0.303
1.18690157367061,1.18809484736019,1.05059813488698,2.28127215989027,0.915510152136952,0.950964040221034,-3.8765169366179,23.2,63.4,86.5,0.0135,0.0075,0.0074,0.34,0.604,0.721,0.754,0.177,-0.632,0.493,-0.73,0.473
1.19354273632191,0.802911653194471,1.077377710666,1.9033844561799,1.08555774160047,0.851078152022163,-14.5707041408823,22.2,58,86.9,0.0162,0.0083,0.0076,0.34,0.594,0.729,0.79,0.175,-0.587,0.386,-0.83,0.403
1.02728966422121,1.15810088484618,1.0443787926762,2.24489822517104,0.813604989964603,1.04741374678877,5.29639935320612,23.2,65,87.7,0.0122,0.0073,0.0075,0.336,0.603,0.723,0.739,0.235,-0.631,0.57,-0.704,0.424
0.856186876214938,0.851350347149811,0.81440537874474,1.92149268513652,1.18928754674505,1.15604281114145,21.997783245094,23.7,65.3,90.2,0.0171,0.0095,0.0093,0.339,0.603,0.722,0.755,0.192,-0.627,0.503,-0.735,0.455
0.958898866480423,0.807500101514666,1.1088905348425,2.15575409227083,0.816057381561327,1.09366775647504,36.7939383929253,23.5,64.3,93.2,0.0122,0.0075,0.0078,0.332,0.593,0.734,0.781,0.272,-0.562,0.497,-0.794,0.351
0.825911244880667,0.994643175993229,1.19742313470641,1.91175666038658,1.08068856723121,0.885913738850742,14.9613875724453,21.4,61.5,85.5,0.0167,0.0082,0.0077,0.326,0.595,0.734,0.73,0.369,-0.575,0.665,-0.688,0.291
0.822252195598266,0.814195320787232,0.995721944748957,1.83587484144569,0.825927170534815,1.08006999936377,2.09332388196864,22.5,62.8,88.5,0.0127,0.0075,0.0077,0.331,0.596,0.732,0.76,0.288,-0.582,0.557,-0.751,0.355
1.11317509822882,0.872296465932115,0.809745135485304,2.22114966476791,0.965168594896834,0.992248876493168,-2.7225886545982,25.2,66.1,94.7,0.0132,0.0078,0.0079,0.348,0.603,0.718,0.765,0.086,-0.639,0.375,-0.764,0.525
0.949123655079416,1.13620676024284,1.15217201543375,1.79367587215369,1.07872932644677,0.907379839213936,10.855472386097,20.5,58.1,79,0.0174,0.0084,0.0079,0.33,0.6,0.729,0.729,0.308,-0.611,0.635,-0.689,0.35
0.838500243585838,0.91964078054552,1.1856111844871,1.93335088597015,1.16887213038939,1.05061423813473,29.1654999298152,21.7,61.9,87,0.018,0.0092,0.0088,0.326,0.594,0.736,0.747,0.355,-0.562,0.625,-0.721,0.3
1.02181999137482,0.952681984226704,0.981508369032143,2.32584497282379,1.07158238895709,0.846919137632258,5.89499422223119,24.7,67.1,93.8,0.0147,0.0078,0.0075,0.338,0.6,0.725,0.763,0.204,-0.613,0.49,-0.756,0.433
1.13906029435474,0.909926390431416,0.975149829149693,1.8544259238147,0.85022791861004,1.05600320952885,28.6947698703344,22,58.2,83.5,0.0133,0.0076,0.0076,0.342,0.599,0.724,0.773,0.156,-0.614,0.419,-0.785,0.456
1.17203115566477,1.11181760570252,0.928023366313498,2.08543985810358,0.856446330981713,0.802284806404119,9.44875178480379,22.9,61.8,84.9,0.0126,0.0068,0.0066,0.344,0.606,0.718,0.757,0.127,-0.641,0.443,-0.73,0.52
1.15772659387852,0.862375047156437,0.924221939861366,2.36871027727968,1.18715226006297,1.14192373096725,42.419964370117,25.2,65.8,95.7,0.0162,0.0094,0.0093,0.344,0.599,0.723,0.774,0.126,-0.621,0.387,-0.792,0.472
0.935545675104166,1.1499399456961,0.90771578060779,2.23191040575933,1.02366773964759,0.824861044376057,22.61920394315,23.9,67.5,89.3,0.0144,0.0075,0.0073,0.337,0.607,0.719,0.726,0.213,-0.654,0.581,-0.673,0.457
1.10357491851521,1.18290804508338,0.827705000529591,1.77389764413323,1.09902585467967,1.06839993853128,19.6855512482933,21.4,58.7,78.4,0.0172,0.009,0.0086,0.345,0.61,0.713,0.747,0.103,-0.657,0.453,-0.685,0.571
0.859269583332361,1.18780800402023,1.19691091561458,1.84273557843143,0.821510439263722,1.18452671372051,9.99809106866486,20.5,59.4,80.5,0.0138,0.0078,0.008,0.327,0.6,0.73,0.699,0.365,-0.615,0.715,-0.633,0.297
0.886260765203583,0.924742478822845,1.17380251981506,2.37828996877914,0.835784214337672,1.18625563425373,22.8748723751725,24.1,68,95.7,0.0123,0.0079,0.0084,0.328,0.594,0.734,0.755,0.331,-0.566,0.596,-0.737,0.319
1.12050510530824,1.1754890075347,0.831235346072861,2.36021645927589,0.896845917152108,0.886888919411351,-12.3355684537896,24.8,67.9,90.9,0.0124,0.0071,0.0071,0.345,0.61,0.713,0.748,0.099,-0.656,0.444,-0.689,0.572
1.01562991424217,0.901399523271095,1.13418738854357,1.6788029324118,1.11728763268935,1.02453076367979,-19.9563044384639,20.6,56.3,80.4,0.0181,0.0091,0.0085,0.333,0.595,0.732,0.774,0.263,-0.575,0.508,-0.78,0.365
1.01326278807498,0.884879266372264,1.03463213237514,1.96966896948757,1.07544306205431,0.898139400431364,45.6205920582351,22.5,61.1,86.9,0.016,0.0083,0.0078,0.336,0.597,0.729,0.773,0.226,-0.593,0.484,-0.778,0.4
1.07484278196986,1.17221178343395,0.967172566105283,2.2511445153156,0.97602016817285,1.1049900728337,-19.3864752301805,23.6,65.5,88,0.0142,0.0083,0.0083,0.339,0.606,0.719,0.744,0.183,-0.643,0.523,-0.705,0.479
1.19801119799011,0.830023302011907,0.867842415210171,2.0113572982491,1.11162488532812,0.9435134528998,0.534927530634153,23.8,61.1,90,0.0158,0.0086,0.0081,0.348,0.6,0.72,0.77,0.085,-0.632,0.35,-0.794,0.498
0.860824956265509,1.16210951801431,0.909122003853456,1.87350890674172,0.819960074743286,0.881849994230585,16.6579767554415,21.9,62.9,82.7,0.0127,0.0069,0.0067,0.335,0.608,0.72,0.708,0.248,-0.661,0.637,-0.645,0.421
0.894916306509443,1.03681091849211,1.12520490173489,1.90914333840163,1.11315103992807,1.08600218573513,49.9820322087815,21.4,60.6,83.3,0.0175,0.009,0.0087,0.33,0.598,0.73,0.736,0.317,-0.598,0.627,-0.701,0.34
0.808119520026099,1.06366569310302,1.01316541158817,2.36577717545919,1.0781362434136,0.987004981428865,0.761836287966137,24.6,70.6,95.1,0.0149,0.0083,0.0082,0.33,0.602,0.727,0.711,0.315,-0.628,0.669,-0.657,0.347
0.968302501448719,0.95847535226875,0.841381693476971,1.98256532007844,1.11044939530473,0.989132007031289,2.33474065938364,23.5,64.3,88.2,0.0159,0.0086,0.0083,0.341,0.605,0.72,0.754,0.16,-0.637,0.479,-0.729,0.49
0.954883342789439,1.08253066634245,1.15896912866473,2.20408364219644,0.854265327019891,0.846957349964818,-13.3226507493529,22.9,64.7,88.8,0.0126,0.0069,0.0068,0.33,0.599,0.73,0.739,0.306,-0.6,0.614,-0.708,0.35
0.908992165731685,0.819976399185012,0.866117371961625,2.37543615762288,0.87105282239398,0.984320163694018,30.6354663512467,26.1,70.9,99.8,0.0117,0.0073,0.0076,0.339,0.6,0.725,0.765,0.193,-0.614,0.476,-0.762,0.439
0.996749466748803,1.02460531786699,1.10217877348285,2.37447122325999,0.956469118454591,1.06071858321277,-16.368091958939,24.2,67.2,93.1,0.0137,0.008,0.0082,0.333,0.599,0.728,0.754,0.265,-0.601,0.557,-0.737,0.382
1.15720334453468,1.15532546989239,1.19684669138593,1.90705438616285,0.937297279823148,1.08326730665509,23.0400902556318,20.7,56.9,78.6,0.0153,0.0082,0.008,0.335,0.599,0.727,0.757,0.244,-0.606,0.535,-0.744,0.401
1.14001229054155,1.17723168782583,1.19365004580664,2.32208818593718,0.812564970375365,0.834730692649413,5.22369333917425,22.8,63.2,86.8,0.0121,0.0067,0.0066,0.334,0.6,0.727,0.753,0.25,-0.609,0.55,-0.734,0.399
0.843849159963406,0.959771363200488,1.09514640235703,2.2985739502985,0.930385135676908,1.1616711961192,25.3818176044255,24,68.1,94.3,0.0135,0.0082,0.0086,0.329,0.597,0.732,0.74,0.324,-0.59,0.623,-0.709,0.331
0.966975164790922,1.13184709347256,1.19579387433869,1.90319891192177,0.994158152104953,1.04670401244014,8.55546087934647,20.9,59.3,81.1,0.016,0.0084,0.0081,0.33,0.599,0.73,0.733,0.316,-0.602,0.631,-0.697,0.341
1.04979560287752,1.04276902036328,1.1221105419776,2.07267818468484,0.909140576663142,0.98582277981,10.2705552937219,22.3,61.6,85.5,0.0139,0.0077,0.0075,0.334,0.599,0.728,0.758,0.252,-0.601,0.538,-0.747,0.391
0.943693442696539,1.16461541646172,0.938779596321779,2.03043093747697,0.882313478756643,0.999213262620451,-8.559969492539,22.7,64.2,85.1,0.0133,0.0075,0.0075,0.336,0.607,0.72,0.725,0.225,-0.651,0.591,-0.673,0.444
1.00889779799398,1.08584508315961,0.918910786776241,2.07402413199421,1.13762201964778,1.16063114845641,34.5782682269453,23,63.8,86.1,0.0168,0.0093,0.0091,0.339,0.605,0.72,0.745,0.185,-0.641,0.52,-0.71,0.475
0.887463925981942,1.05337328884111,1.08506717660439,1.60261402034683,1.04143116283655,1.17686614980754,-13.902787637743,20,56.6,77.3,0.0175,0.0091,0.0088,0.331,0.6,0.729,0.731,0.306,-0.61,0.629,-0.693,0.352
0.890223228142943,1.16864740113266,0.880314391587058,1.84277356440447,1.07171666085778,0.88605828896953,12.0463293252942,21.8,62.4,81.7,0.0163,0.0081,0.0077,0.337,0.609,0.718,0.715,0.221,-0.663,0.608,-0.652,0.453
1.00680854904347,0.970509120790382,0.996213058072213,1.75004173296934,0.841928615925812,1.17632268465054,-10.9829493259398,21.4,58.5,81.3,0.0136,0.0079,0.008,0.337,0.6,0.725,0.76,0.216,-0.613,0.508,-0.75,0.424
0.933741511505456,1.12195010164079,0.856440326504583,2.03538822845912,1.14762502427997,1.17691363617731,12.0761577144348,23.2,65.2,86.3,0.0169,0.0093,0.0092,0.339,0.608,0.718,0.731,0.188,-0.656,0.554,-0.676,0.485
0.905220183827528,0.873678439799821,1.07910562178834,1.69914518135745,0.860537777089605,1.0808003458869,8.07697153235152,21,58.3,82.4,0.014,0.0078,0.0077,0.331,0.595,0.732,0.764,0.287,-0.578,0.548,-0.758,0.353
0.899684060553709,0.917734023831816,1.01316301079172,1.73083572007644,0.80766505336719,0.800501103005732,15.0367912793499,21.3,59.3,82.5,0.0127,0.0066,0.0064,0.333,0.598,0.729,0.755,0.266,-0.599,0.555,-0.74,0.38
1.16700761325813,1.17834903432365,0.93733876731677,2.03386723213476,0.939821224004915,1.00125236128392,-13.7286326909734,22.5,61.3,83,0.0142,0.0079,0.0077,0.343,0.607,0.717,0.752,0.134,-0.646,0.464,-0.715,0.524
0.910861384111558,0.951390315706989,1.11383439269709,1.71673489358702,0.957106056246433,1.17129264342702,-2.57690807496636,20.8,58.2,81.2,0.0157,0.0086,0.0084,0.33,0.597,0.731,0.753,0.301,-0.585,0.582,-0.735,0.347
1.09276242358569,0.922686099373757,0.989146677397301,2.12676783845719,1.0734789628604,0.974918593309945,-18.3559515653108,23.7,63.4,90.1,0.0153,0.0084,0.0081,0.34,0.599,0.725,0.771,0.179,-0.611,0.447,-0.777,0.442
0.964302215935809,1.13613936485607,1.16653073085523,2.06396906228808,1.13665988313093,0.94267022896073,39.6015638941973,21.8,61.7,84,0.0174,0.0087,0.0082,0.33,0.6,0.729,0.732,0.307,-0.608,0.628,-0.694,0.351
1.1564265711908,1.05127765837192,0.959670527857515,1.80078505806272,1.19851571506618,1.05490905077036,32.8095054250478,21.3,57.1,79.4,0.0188,0.0096,0.0089,0.342,0.603,0.72,0.762,0.146,-0.631,0.446,-0.749,0.491
1.15191879515588,0.985281368559276,0.909803866297039,1.97922870790707,0.811970611303856,0.891417672148126,17.8252579918344,22.8,60.6,85.3,0.0122,0.0069,0.0068,0.344,0.603,0.72,0.764,0.123,-0.633,0.416,-0.757,0.503
0.959823814486755,1.10218443568934,1.13278261507381,2.04798751720913,1.02627963717848,1.03938641411808,19.6168804982323,22,62.1,84.8,0.0158,0.0084,0.0082,0.331,0.6,0.728,0.737,0.295,-0.608,0.612,-0.703,0.361
0.991099638120837,0.936326274125456,1.12468404570611,2.23846159588009,0.912897726638667,0.884881115954972,-2.46501398585498,23.6,65.1,92,0.0132,0.0073,0.0072,0.332,0.596,0.731,0.767,0.272,-0.582,0.532,-0.763,0.366
0.885382820766162,1.02143451786422,1.01029100300878,1.84387451368224,1.13353704494988,0.831831502525759,8.06334771462044,21.7,61.3,83.5,0.0172,0.0083,0.0077,0.333,0.601,0.727,0.736,0.276,-0.618,0.602,-0.702,0.381
1.16000148719932,1.14986928053087,0.89008472770138,1.78742517396045,1.17322199274785,1.06019019867444,-0.372487706737086,21.3,57.8,78.5,0.0184,0.0094,0.0088,0.345,0.608,0.716,0.753,0.113,-0.648,0.443,-0.712,0.544
0.847102233776455,1.08341568540591,1.03054762982641,1.70212165586571,0.865957495149799,1.08877569250416,-18.0537288635585,20.8,59.4,80,0.0142,0.0078,0.0077,0.331,0.602,0.727,0.717,0.305,-0.627,0.654,-0.667,0.357
0.906428203341243,1.18462696481321,0.809828451824512,2.23659971951932,1.11368601248948,0.838875459857279,30.0060176037345,24.2,69.2,89.9,0.0154,0.0079,0.0076,0.34,0.611,0.715,0.72,0.177,-0.671,0.57,-0.647,0.507
0.818594204041089,0.824877915853272,1.11568385657126,2.2204297045505,1.19495354524556,1.17805939443596,31.3019690178663,23.9,67.5,96,0.017,0.0095,0.0096,0.327,0.593,0.736,0.761,0.334,-0.557,0.586,-0.748,0.313
1.18316168958294,0.851913937470488,1.06731119602003,1.90407333165949,1.0156139913244,1.17491886719464,42.5764649554111,21.9,57.5,84.8,0.0158,0.0089,0.0087,0.34,0.595,0.728,0.785,0.176,-0.594,0.403,-0.816,0.415
0.889892623281782,0.835053456653572,0.886179983659464,2.14466173497178,0.973087973113337,0.994112586912207,30.4255411039797,24.6,67.4,94.5,0.0136,0.0079,0.0079,0.337,0.6,0.726,0.762,0.212,-0.612,0.498,-0.755,0.426
0.92693404757604,1.13458214218347,1.12780288229832,1.84249236616476,1.12561833248537,0.810472231236593,38.6147556922745,20.7,59.1,80.1,0.0178,0.0084,0.0076,0.33,0.601,0.728,0.725,0.309,-0.616,0.643,-0.681,0.351
0.995710499221191,0.841070632736409,1.03155474575909,1.72148783557229,1.16782172011329,1.09078738512611,-9.79618567785258,21.4,58,83.3,0.0182,0.0095,0.0089,0.335,0.596,0.73,0.777,0.23,-0.587,0.477,-0.787,0.391
0.883106328106274,0.996826762078373,0.916781557395641,2.13008799267103,0.840711044918097,1.10795519557732,0.621304957623977,23.9,67.1,90.9,0.0123,0.0076,0.0079,0.336,0.603,0.723,0.739,0.235,-0.631,0.569,-0.705,0.423
0.864518086761709,0.902570430961094,1.18824417571456,1.76328481491044,1.16211345067452,0.864531363465509,12.9910195181715,20.8,59,83.3,0.0184,0.0087,0.008,0.327,0.593,0.736,0.755,0.343,-0.558,0.602,-0.737,0.307
1.17493150425835,0.854299593239391,1.11409610333359,2.13134379922247,1.09246753823269,0.870309553968216,5.79394208271759,23.1,61,90.1,0.0158,0.0083,0.0077,0.338,0.594,0.73,0.788,0.197,-0.583,0.416,-0.818,0.397
1.08328755929349,0.965281018018902,0.898263350469726,2.30578301493652,1.07790669104346,1.07202969246094,-17.8315856762814,25,67,93.7,0.0148,0.0086,0.0086,0.343,0.603,0.72,0.763,0.143,-0.631,0.439,-0.753,0.491
1.05868214272738,0.822506939444723,1.0951631575825,2.38760911196362,1.08105176893462,1.09797562770823,20.5598408864712,24.7,66.4,97,0.015,0.0087,0.0088,0.335,0.594,0.732,0.786,0.23,-0.574,0.451,-0.808,0.378
1.17957293573554,0.837960672942678,1.16603022459548,1.99194934570333,0.933260165149322,1.14333580983344,-18.1610869547563,22.3,58.9,87.6,0.0144,0.0083,0.0083,0.336,0.592,0.732,0.793,0.213,-0.571,0.417,-0.827,0.377
0.885911741113715,0.993885373600152,1.15950489212485,2.17863236255442,1.14784795659436,0.962789293679732,-13.3619198951626,23.1,65.5,90.9,0.0167,0.0086,0.0083,0.328,0.596,0.732,0.742,0.33,-0.583,0.622,-0.713,0.325
0.811774786111949,1.00562805809174,1.00026811155138,2.2299184067726,1.12655589916886,1.09210686870871,33.9709005998041,24,68.4,92.8,0.016,0.0089,0.0089,0.331,0.601,0.728,0.724,0.305,-0.619,0.642,-0.679,0.355
0.933035943593727,1.03509450234372,1.12222615843283,1.72985845834915,1.03829720759447,1.17888215540637,10.5102312621987,20.5,57.7,79.5,0.0171,0.009,0.0088,0.331,0.598,0.73,0.743,0.299,-0.599,0.602,-0.715,0.354
0.904483263505716,1.17364630054709,0.871351657295798,2.39396654945713,1.08876635815979,1.01179281434819,-0.36678420808612,24.9,71.1,93.2,0.0149,0.0084,0.0084,0.337,0.609,0.718,0.718,0.21,-0.664,0.596,-0.655,0.466
0.850184348597908,0.853036863493736,1.09861852250893,1.87324032898068,0.948459981434103,0.963691902523061,38.354372590662,21.9,61.5,87,0.0146,0.0078,0.0076,0.329,0.594,0.734,0.76,0.316,-0.567,0.576,-0.749,0.329
1.0475093752042,0.868348968877658,0.836034091398634,1.79582463413039,0.835965193259258,0.870829478584557,-7.17263711931616,22.7,60.2,85.5,0.0125,0.007,0.0068,0.344,0.602,0.72,0.766,0.124,-0.631,0.411,-0.764,0.497
0.918444983764628,1.051330966233,1.10548936811335,2.01020992234385,1.0738908844476,0.923306345476062,0.455140784139363,22.2,62.6,85.8,0.0162,0.0083,0.0079,0.331,0.599,0.729,0.738,0.3,-0.605,0.614,-0.705,0.356
0.953448210829979,0.922832446625248,0.964960127338606,1.96055957402502,0.892502426458438,1.16731200757549,37.4600876414303,22.8,62.5,87,0.0136,0.0081,0.0083,0.336,0.6,0.726,0.76,0.223,-0.611,0.514,-0.749,0.418
1.18064686801042,1.13178793013609,0.894295291581696,2.08217273194693,1.01623539464102,1.11176594839191,41.3930558819195,22.8,61.6,84.2,0.0152,0.0086,0.0085,0.345,0.607,0.716,0.755,0.108,-0.647,0.431,-0.72,0.544
0.947121762701606,1.12670912322272,1.08408253606203,2.15727374765651,0.894696608204105,0.85424743186633,0.662239756195962,22.8,64.5,87.3,0.0133,0.0071,0.0069,0.332,0.602,0.726,0.73,0.284,-0.622,0.618,-0.69,0.376
0.850688151441322,0.95398604725126,1.18583913952334,1.78128187628759,0.912987585510611,1.09028528862529,-9.83582032414303,20.9,59.6,83.3,0.0148,0.008,0.008,0.327,0.595,0.735,0.743,0.352,-0.569,0.632,-0.713,0.304
1.13816640556063,1.10604152187701,1.1242529290454,2.31967270826512,1.15443475331966,0.806246965244767,18.9080344553375,23.3,63.7,88.3,0.0165,0.0082,0.0077,0.336,0.6,0.726,0.76,0.222,-0.611,0.513,-0.749,0.42
1.11144405451658,0.83171088394577,0.896850044730613,1.96433994461246,0.986077663647666,1.1556621210182,-1.13980156874309,23.4,61.4,89.2,0.0145,0.0086,0.0086,0.344,0.599,0.723,0.774,0.129,-0.62,0.39,-0.791,0.471
0.84994218066759,0.894560489332969,0.902791014454764,1.66363035936889,1.06804315408185,1.0099390149292,27.8724210427061,21.5,59.8,82.3,0.0166,0.0086,0.0082,0.335,0.601,0.725,0.749,0.24,-0.617,0.549,-0.728,0.411
0.996590907957264,0.912971372787756,1.00964844193281,2.33985440638928,1.10118728917266,0.998740246587856,42.4645516860534,24.6,67,94.4,0.0153,0.0085,0.0084,0.336,0.598,0.727,0.767,0.224,-0.602,0.497,-0.765,0.409
1.16665639330531,0.982019677500814,0.930523572861808,1.86943187559953,0.902628282531279,0.893984696229802,5.19744257444007,22.1,58.7,82.9,0.0138,0.0074,0.0071,0.344,0.602,0.72,0.766,0.127,-0.63,0.415,-0.763,0.495
0.913361814024193,1.19426278173262,0.996848692783955,2.1526220408336,0.861758127273975,0.977319746366196,-8.76194018673428,23,65.8,87.2,0.0128,0.0073,0.0074,0.334,0.606,0.722,0.713,0.265,-0.65,0.639,-0.656,0.401
0.960569739653297,1.03868746602227,1.13791086574183,2.32716052909945,0.857661972124985,1.02411702652295,7.17913242069342,23.7,66.4,91.7,0.0126,0.0074,0.0076,0.331,0.598,0.73,0.747,0.294,-0.596,0.59,-0.724,0.358
0.921030705468561,1.09971402559519,1.19016413524258,1.88520067954253,1.00233366818311,1.11818437577088,28.1517463348211,20.9,59.5,81.5,0.0162,0.0086,0.0084,0.329,0.598,0.731,0.73,0.332,-0.597,0.646,-0.69,0.327
0.904978673150099,1.05055489156911,0.914500104951562,1.70465333968477,1.10393105083881,1.05646506993644,16.1270741186269,21.2,59.5,80,0.0174,0.009,0.0085,0.336,0.605,0.722,0.735,0.226,-0.639,0.572,-0.695,0.436
1.07878789258883,0.977021140662411,0.870411350029919,2.36300617112256,0.808584650887486,1.02911885423433,49.6753904170226,25.1,67.4,93.7,0.0114,0.0072,0.0075,0.343,0.604,0.719,0.761,0.131,-0.636,0.436,-0.744,0.506
0.867110025191268,1.00210662798647,0.963748410315838,2.35055483995148,0.996629181472751,1.08107893250606,5.45772469592562,24.9,70.1,95.2,0.0139,0.0082,0.0084,0.334,0.602,0.725,0.736,0.264,-0.624,0.595,-0.701,0.394
0.939892867472911,1.17458619730351,1.08979439051714,2.26315344526443,0.99535946782354,1.02706571843733,31.0454078866801,23.1,65.7,88.2,0.0147,0.0081,0.0081,0.332,0.603,0.726,0.721,0.291,-0.629,0.64,-0.673,0.371
1.06683068126343,0.899677236210475,0.920042424876834,1.98415430647627,1.18306496744183,1.05856563214195,27.6415532983419,23.1,61.7,87.6,0.0172,0.0093,0.0089,0.342,0.601,0.723,0.769,0.157,-0.62,0.435,-0.771,0.465
1.17697521674221,1.19920115937258,0.967117971989281,2.21260850348134,0.978864303531845,1.06961828731595,-13.3843926422752,23.2,63.4,85.9,0.0144,0.0082,0.0082,0.342,0.606,0.718,0.751,0.145,-0.644,0.475,-0.715,0.513
1.07419935582314,0.913832127683612,0.893757032980146,1.80739435727686,1.18776369303543,1.11431261581865,29.4263910916201,22.1,59,83.4,0.018,0.0096,0.0091,0.343,0.602,0.721,0.767,0.143,-0.626,0.428,-0.765,0.482
1.19292946984323,1.07647753239386,0.881755406406687,2.01099757470565,0.988691509714302,0.987713535411385,46.3725739910361,22.6,60.4,83.7,0.0148,0.0081,0.0078,0.346,0.606,0.716,0.759,0.097,-0.644,0.41,-0.732,0.544
1.03740115227276,0.864149236367144,1.18646254467055,2.08382989727823,1.11005203708719,1.03375624681709,28.5503445864785,22.5,61.5,89.1,0.0166,0.0088,0.0085,0.332,0.592,0.734,0.783,0.271,-0.56,0.491,-0.798,0.349
1.1313184557189,0.887617677317992,0.900018574158886,2.07489019583249,0.867433938041224,1.06501663706731,31.1993117103699,23.7,62.3,89.5,0.0127,0.0077,0.0078,0.344,0.601,0.721,0.77,0.124,-0.626,0.398,-0.779,0.485
0.856779313107457,0.96831307938393,0.885264985658151,1.82533584420987,1.07410254619404,1.10509336617019,4.84874441956651,22.4,62.9,85.2,0.0162,0.0088,0.0087,0.336,0.604,0.723,0.739,0.231,-0.633,0.567,-0.705,0.427
1.03908137316111,0.868817988266029,0.899316829152617,1.64208850535098,0.866600419501193,1.11768364947694,-15.6293649851284,21.4,57.2,81.3,0.0139,0.0079,0.0079,0.342,0.6,0.723,0.769,0.158,-0.619,0.433,-0.773,0.463
0.837745616852582,0.97360201254823,0.804711040456608,1.73753334424764,1.19254931442199,1.01740215359218,44.0809935652807,22.1,62.1,83.2,0.018,0.0092,0.0087,0.338,0.606,0.72,0.735,0.2,-0.647,0.553,-0.691,0.466
1.18936230980189,0.848984765996348,0.802206558825758,1.61137105691002,1.18925787990978,0.944090655286911,11.1053577228016,21.5,55.3,80.7,0.0183,0.0093,0.0084,0.351,0.603,0.717,0.763,0.056,-0.643,0.339,-0.773,0.536
0.972584008115278,0.88208853960696,0.988229630405936,2.1529633156665,0.978524502248641,0.966986725532275,-3.88007690408728,24,65.5,92.5,0.0139,0.0078,0.0078,0.336,0.598,0.727,0.768,0.224,-0.6,0.494,-0.768,0.408
1.14415770574464,1.17600907675029,0.926543029229562,2.37647185364488,1.15528513774514,1.12882358975031,25.1234916675261,24.2,66.2,89.4,0.0163,0.0092,0.0091,0.343,0.607,0.717,0.75,0.138,-0.647,0.471,-0.71,0.523
1.13399804785121,0.818954115428744,1.03654557772088,2.39392861496263,0.902574737871246,0.842472885513584,-3.00266525363777,25.1,66.1,97.5,0.0123,0.0071,0.007,0.34,0.595,0.728,0.785,0.18,-0.592,0.407,-0.815,0.412
0.929137971700415,1.02324284257857,0.918530402379364,2.16694316924684,0.974328741409675,1.13847201511761,-2.56434966169782,24,66.9,90.7,0.0141,0.0084,0.0085,0.337,0.604,0.722,0.742,0.217,-0.634,0.549,-0.71,0.441
1.1284192801785,1.13026840416702,0.902036884242637,2.18691320750287,1.06553532824611,1.11437492598846,32.7663397344061,23.5,63.9,86.8,0.0155,0.0088,0.0087,0.343,0.607,0.717,0.752,0.131,-0.646,0.46,-0.716,0.526
1.19893214605611,1.10815994813668,1.15249130283832,1.88044298129384,1.12393554980758,1.18812919143641,-3.40497821634985,20.9,56.6,79.2,0.0181,0.0096,0.0091,0.337,0.599,0.726,0.766,0.211,-0.608,0.491,-0.762,0.424
0.969066476134728,1.19858642722674,1.04470934973036,1.61479585695773,1.18328232146296,0.821932631967534,47.7985262229928,19.5,55.3,73.8,0.0198,0.009,0.0081,0.334,0.604,0.723,0.723,0.261,-0.64,0.618,-0.675,0.403
0.966417842145088,1.14040876065804,1.15499397768402,1.98540910754437,0.836097672451486,0.996546068113113,23.9064491704282,21.4,60.7,82.6,0.0133,0.0073,0.0073,0.331,0.6,0.728,0.732,0.302,-0.611,0.626,-0.694,0.356
1.04207710108057,1.0317757830128,1.06905247894637,1.91262642194335,0.815981570149168,0.835390426736586,49.3982695852234,21.5,59.2,82.1,0.0128,0.0068,0.0065,0.335,0.6,0.726,0.758,0.235,-0.609,0.527,-0.745,0.409
0.905157123837718,0.817460448871847,1.09530166870808,1.8829505416222,1.10516023873902,1.1136439349303,-18.0197692221382,22.3,61.6,88.4,0.0168,0.009,0.0088,0.331,0.593,0.734,0.774,0.289,-0.564,0.528,-0.777,0.343
1.12135292107094,1.16541693410205,1.18212613819329,2.34943513979556,1.15436350139979,1.13443821694505,43.7537995511423,22.9,63.4,87.2,0.0171,0.0093,0.0091,0.334,0.6,0.727,0.752,0.252,-0.609,0.553,-0.732,0.397
1.02721744332208,1.15241649053476,0.884247137820738,2.22862550524894,0.967804637561077,1.05239380614209,49.658472007128,23.7,66,87.9,0.014,0.0081,0.0081,0.341,0.608,0.717,0.74,0.162,-0.652,0.514,-0.691,0.507
0.857123796914695,0.947548477469748,0.806735054300009,2.01255184830816,1.04708906679052,0.858809196446575,-12.480163360174,24.1,67.2,90.8,0.0146,0.0078,0.0075,0.339,0.606,0.72,0.742,0.191,-0.643,0.532,-0.704,0.47
1.1830171877682,1.16038507564465,1.12063835282978,1.67075887785979,0.810071633159692,1.1339072559693,-9.68548028691187,19.7,53.8,74.2,0.014,0.0078,0.0076,0.338,0.601,0.724,0.758,0.206,-0.619,0.506,-0.743,0.438
1.1701937179641,1.17338679663582,0.842843648744649,2.30208981295693,0.962531806787851,0.855659709095583,35.7710213725849,24.1,65.5,88.5,0.0135,0.0074,0.0072,0.346,0.61,0.713,0.752,0.086,-0.654,0.424,-0.697,0.578
0.853163461635405,0.995280806904806,1.10348965364779,2.36534526121664,1.17693264224082,0.92881796004397,44.6809524081513,24.1,68.5,94.4,0.0164,0.0086,0.0083,0.329,0.598,0.731,0.735,0.325,-0.595,0.633,-0.7,0.332
1.05070746407718,1.05786911949802,1.04450506817415,1.63831233661535,1.07071687102409,1.18638015617145,44.6876065158917,20,55,75.7,0.018,0.0094,0.0089,0.336,0.601,0.725,0.755,0.222,-0.617,0.525,-0.738,0.424
0.966501112972344,0.928787468547062,0.849649223470257,2.19868724693089,0.92706413438393,0.811811990089861,31.0796281314644,24.7,67.3,92.9,0.0128,0.007,0.0069,0.341,0.604,0.721,0.757,0.164,-0.632,0.474,-0.738,0.48
1.07310377121355,1.00579021037323,1.12318993024708,2.31628293482306,1.19697346394848,0.961810237602448,-3.33152893509717,23.7,64.9,91.2,0.0169,0.0089,0.0085,0.335,0.598,0.729,0.766,0.242,-0.596,0.514,-0.762,0.394
0.854794137591331,0.973198605818376,1.13609014675944,2.14688055631992,0.921492555377636,0.94886298862322,-7.53603034097901,23.1,65.7,91.1,0.0136,0.0075,0.0075,0.328,0.596,0.733,0.74,0.335,-0.584,0.629,-0.708,0.321
0.943503137045515,0.902303135316551,0.953649575790494,1.75696978882965,0.979047879051421,0.833037714992758,-1.70744752857681,21.8,59.9,83.6,0.0149,0.0076,0.0071,0.336,0.6,0.726,0.761,0.222,-0.61,0.509,-0.753,0.418
0.989038471982889,0.973104564394726,0.808179209284645,1.72678331249289,1.06464716761427,1.03399133843746,-7.31624959509148,22.1,60.2,82.3,0.0162,0.0087,0.0083,0.343,0.606,0.718,0.754,0.135,-0.643,0.459,-0.722,0.518
0.939710547182375,1.05086587486218,1.00477623641032,2.27334736579024,0.840910689652068,1.18455160950235,-9.21969847387621,24.1,67.5,91.7,0.0124,0.0079,0.0083,0.334,0.602,0.725,0.74,0.251,-0.623,0.577,-0.709,0.405
1.09398210319136,1.19696883095376,0.987903923037737,1.97130955338424,1.04416005718381,1.1838719151394,-0.263001679084375,21.9,60.6,81.4,0.0162,0.009,0.0088,0.339,0.606,0.72,0.743,0.185,-0.643,0.525,-0.705,0.477
1.17327072367726,0.902058268752353,1.11287350960805,1.84644820350199,0.908478908324483,0.858649900316435,48.8317721575429,21.2,56.3,82.1,0.0143,0.0075,0.007,0.338,0.595,0.729,0.783,0.198,-0.589,0.431,-0.806,0.405
0.825103701203727,1.09877682513262,0.921233896194569,2.14914193405547,1.05784064087784,0.847416971739749,10.4939416608676,23.7,68,90.1,0.015,0.0078,0.0075,0.334,0.606,0.722,0.71,0.269,-0.651,0.645,-0.652,0.397
0.91209268846768,0.851962349400727,1.01764034848292,1.86485810138222,0.825719130965672,0.835022005037445,8.66342912110079,22.3,61.5,87,0.0125,0.0068,0.0066,0.333,0.596,0.73,0.767,0.259,-0.587,0.523,-0.765,0.377
1.09265580170048,1.13784598622136,0.963296891188072,2.15873906177432,0.972998775630866,0.886907700560933,30.3127978293562,23,63.4,85.9,0.0142,0.0076,0.0074,0.34,0.605,0.72,0.749,0.173,-0.639,0.502,-0.717,0.484
0.964217664214466,1.16720431484803,1.05794216979184,1.90659763977032,0.94220204301095,0.866970472417715,20.3547557941684,21.3,60.4,81.1,0.0147,0.0075,0.0072,0.333,0.603,0.724,0.727,0.268,-0.633,0.615,-0.683,0.394
1.07652438916135,1.04303542625502,1.17857416467763,2.20591739224635,0.883310598716065,1.04519960840505,29.3387489432823,22.7,62.4,87.4,0.0134,0.0077,0.0077,0.333,0.597,0.73,0.763,0.263,-0.591,0.535,-0.755,0.378
1.14152630651173,0.996589517730768,1.14495117756532,2.14654337779209,0.848789173531172,1.1753559748331,-19.5163397269183,22.8,61.6,87.5,0.013,0.0079,0.0082,0.336,0.597,0.729,0.773,0.225,-0.593,0.481,-0.78,0.401
0.865007939068228,1.05256897952047,0.882386574220073,2.14531105821828,1.02014136692627,1.11317537423912,-1.03907861953398,24,68,90.7,0.0146,0.0085,0.0086,0.336,0.606,0.721,0.727,0.23,-0.647,0.589,-0.68,0.437
0.899787243851685,1.17418871756758,0.859982824640219,1.77856040099696,1.02780146627916,1.06751946673395,0.00493811556479784,21.6,61.5,80.4,0.0161,0.0085,0.0083,0.338,0.61,0.717,0.717,0.206,-0.666,0.594,-0.652,0.47
1.00971323376463,0.88813252437205,1.02624460712093,1.89183233227464,0.996046358514124,0.975742254588629,45.4044363898165,22.1,60,85.2,0.0152,0.0081,0.0078,0.336,0.597,0.728,0.772,0.225,-0.595,0.485,-0.776,0.403
1.17798790225466,1.13956635217766,0.840601644292832,2.26002534278177,0.915029702619775,1.01092288349893,-12.7916580791473,24.3,65.4,89.1,0.013,0.0077,0.0077,0.347,0.609,0.713,0.754,0.082,-0.652,0.413,-0.706,0.576
0.980583938627299,0.920765195197537,1.04642116614436,1.88689009735592,1.04450468655293,1.1412646695537,39.7713579007864,21.9,60.1,84.6,0.0162,0.0089,0.0087,0.334,0.598,0.729,0.765,0.246,-0.595,0.517,-0.762,0.391
1.01860960065254,1.05554359150642,0.926379483333749,1.66230872372018,0.804681946364392,1.05490630076592,13.6794116891634,20.8,57.1,77.7,0.0132,0.0074,0.0073,0.339,0.604,0.721,0.75,0.183,-0.636,0.508,-0.721,0.471
0.818556627720603,1.02019903976645,0.937124523103837,1.61616782819718,1.05783447600176,1.01984072583545,9.04297510411207,20.7,59,79.4,0.017,0.0086,0.0082,0.333,0.603,0.725,0.723,0.276,-0.634,0.627,-0.677,0.386
1.12187560879569,0.863430330049932,1.1008715303769,1.98990288395261,0.968130917032651,1.07249505369745,49.6034179229931,22.2,59.3,86.5,0.0148,0.0083,0.0081,0.337,0.595,0.73,0.785,0.211,-0.583,0.438,-0.808,0.394
1.19323010422403,1.19925525962292,1.00796200600454,2.13172703876185,1.1241925737237,0.890904596070406,26.9816411949869,22.4,61.2,83.2,0.0167,0.0085,0.0079,0.341,0.605,0.719,0.753,0.157,-0.639,0.48,-0.723,0.496
1.00742606426768,0.896535992650106,0.97534390948022,2.09810910681074,1.06531338918667,1.06125899722703,44.3778190580123,23.5,63.6,89.9,0.0154,0.0086,0.0085,0.338,0.599,0.726,0.768,0.205,-0.606,0.478,-0.769,0.425
1.04286218677986,0.822789949249209,0.96611223739471,1.97841133602689,0.91317006905801,0.908475384247935,20.8233744190134,23.2,61.7,89.3,0.0134,0.0074,0.0073,0.339,0.597,0.727,0.778,0.185,-0.601,0.434,-0.795,0.425
1.01414984015339,0.943653694663959,1.01927984379638,1.67273833190297,0.914709285737224,0.996723008021735,19.1937209577423,20.7,56.6,79.4,0.0148,0.0079,0.0076,0.336,0.599,0.727,0.765,0.222,-0.605,0.5,-0.761,0.413
0.968513940627395,1.00447049441766,0.958369083244721,1.7189711374396,1.15383836297575,0.941862923827725,20.762816984117,21.1,58.4,80.1,0.0181,0.0089,0.0083,0.337,0.602,0.724,0.751,0.217,-0.624,0.531,-0.728,0.434
1.03534792840544,1.05188115180049,1.04188406231962,2.16685893087977,1.08857379895605,0.964997184546311,-7.00874239883723,23.2,64.1,88.2,0.0158,0.0084,0.0081,0.336,0.601,0.725,0.754,0.227,-0.616,0.531,-0.736,0.42
0.809560555976402,0.962337515806543,1.14637060701349,2.29989013230337,1.12247454551762,1.01855575833321,28.2798179816536,23.8,68.2,94.6,0.016,0.0086,0.0085,0.326,0.596,0.734,0.733,0.358,-0.579,0.655,-0.693,0.301
1.07158551529177,1.12496578765784,0.852239349319798,1.73577283115373,1.08068070176147,0.940606604312108,24.0841115688152,21.2,58.3,78.3,0.0169,0.0085,0.008,0.343,0.608,0.716,0.748,0.128,-0.651,0.469,-0.701,0.538
1.131914316737,0.90307665343525,1.14672897932435,2.36086782848465,0.982206436795831,0.930478045498091,-8.95591431542086,24.1,64.7,93.9,0.0139,0.0078,0.0076,0.336,0.594,0.731,0.783,0.225,-0.58,0.455,-0.802,0.386
1.12403870331687,1.12251504920441,1.07516277977025,1.77903393949636,0.933408458446902,0.820087800148833,-8.37009908110851,20.6,56.6,77.8,0.015,0.0075,0.0069,0.337,0.602,0.724,0.756,0.209,-0.621,0.513,-0.738,0.438
0.95689344697746,1.15726528296249,1.06537657395388,1.86334854556427,1.12984818999332,0.896871526130108,43.5158960487494,21,59.5,80,0.0178,0.0086,0.008,0.333,0.603,0.725,0.727,0.273,-0.63,0.618,-0.684,0.388
0.916591747529886,1.04927909721859,1.12270305548186,1.62558916865365,1.15172686118576,1.19541740521438,25.4509530764935,19.8,56,76.8,0.0194,0.0098,0.0093,0.33,0.599,0.73,0.738,0.307,-0.601,0.617,-0.705,0.349
0.951467635470854,1.09250506478573,1.1679895537483,1.99629702349152,0.872317000730193,0.989365367978172,-15.0009425826147,21.7,61.5,84.4,0.0136,0.0075,0.0074,0.33,0.599,0.73,0.737,0.311,-0.6,0.621,-0.704,0.345
